============================================================
  Generated by:           Genus(TM) Synthesis Solution 23.10-p004_1
  Generated on:           Feb 06 2025  08:52:37 pm
  Module:                 fifo1_sram
  Operating conditions:   _nominal_ (balanced_tree)
  Wireload mode:          enclosed
  Area mode:              timing library
============================================================


Path 1: MET (657 ps) Setup Check with Pin rptr_empty/rempty_reg/CLK->D
          Group: rclk
     Startpoint: (R) rptr_empty/rempty_reg/CLK
          Clock: (R) rclk
       Endpoint: (R) rptr_empty/rempty_reg/D
          Clock: (R) rclk

                     Capture       Launch     
        Clock Edge:+    2000            0     
       Src Latency:+       0            0     
       Net Latency:+       0 (I)        0 (I) 
           Arrival:=    2000            0     
                                              
             Setup:-     125                  
     Required Time:=    1875                  
      Launch Clock:-       0                  
         Data Path:-    1218                  
             Slack:=     657                  

#-------------------------------------------------------------------------
# Delay Arrival Trans Fanout Load     Cell            Timing Point        
#  (ps)   (ps)   (ps)        (fF)                                         
#-------------------------------------------------------------------------
      0       0     0     52    -  (arrival)    rptr_empty/rempty_reg/CLK 
    166     166    36      2  1.5  SDFFASX1_RVT rptr_empty/rempty_reg/Q   
     24     190    23      1  0.6  INVX1_RVT    rptr_empty/g503/Y         
     50     240    36      1  1.0  AND2X1_RVT   rptr_empty/g501__4319/Y   
     63     303    31      1  1.0  HADDX1_RVT   rptr_empty/g500__6260/C1  
     66     369    35      2  1.5  HADDX1_RVT   rptr_empty/g499__5107/C1  
     68     437    36      2  1.5  AND3X1_RVT   rptr_empty/g498__2398/Y   
     63     500    31      1  1.0  HADDX1_RVT   rptr_empty/g492__1666/C1  
     62     562    31      1  1.0  HADDX1_RVT   rptr_empty/g483__9945/C1  
     62     624    31      1  1.0  HADDX1_RVT   rptr_empty/g474__9315/C1  
    167     790    58      3  2.5  HADDX1_HVT   rptr_empty/g513__2802/SO  
    159     950    44      2  1.7  HADDX1_HVT   rptr_empty/g529__7482/SO  
    108    1058    37      1  0.6  XNOR2X1_RVT  rptr_empty/g448__1666/Y   
     60    1119    66      1  0.7  NAND4X0_RVT  rptr_empty/g443__6161/Y   
    100    1218    22      1  0.5  NOR4X1_RVT   rptr_empty/g442__4733/Y   
      0    1218     -      1    -  SDFFASX1_RVT rptr_empty/rempty_reg/D   
#-------------------------------------------------------------------------



Path 2: MET (694 ps) Setup Check with Pin wptr_full/wfull_reg/CLK->D
          Group: wclk
     Startpoint: (R) wptr_full/wfull_reg/CLK
          Clock: (R) wclk
       Endpoint: (R) wptr_full/wfull_reg/D
          Clock: (R) wclk

                     Capture       Launch     
        Clock Edge:+    2000            0     
       Src Latency:+       0            0     
       Net Latency:+       0 (I)        0 (I) 
           Arrival:=    2000            0     
                                              
             Setup:-     126                  
     Required Time:=    1874                  
      Launch Clock:-       0                  
         Data Path:-    1180                  
             Slack:=     694                  

#-----------------------------------------------------------------------
# Delay Arrival Trans Fanout Load     Cell           Timing Point       
#  (ps)   (ps)   (ps)        (fF)                                       
#-----------------------------------------------------------------------
      0       0     0     52    -  (arrival)    wptr_full/wfull_reg/CLK 
    172     172    38      2  1.5  SDFFARX1_RVT wptr_full/wfull_reg/Q   
     20     191    24      1  0.6  INVX1_RVT    wptr_full/g510/Y        
     50     242    41      1  1.0  AND2X1_RVT   wptr_full/g508__5115/Y  
     64     305    28      1  1.0  HADDX1_RVT   wptr_full/g507__1881/C1 
     62     367    32      2  1.5  HADDX1_RVT   wptr_full/g506__6131/C1 
     69     436    35      2  1.5  AND3X1_RVT   wptr_full/g505__7098/Y  
     88     524    47      2  1.6  AND4X1_RVT   wptr_full/g503__8246/Y  
     66     590    30      1  1.0  HADDX1_RVT   wptr_full/g495__3680/C1 
    150     740    51      3  2.5  HADDX1_HVT   wptr_full/g528__6417/SO 
    169     910    50      2  1.7  HADDX1_HVT   wptr_full/g524__1666/SO 
    111    1020    37      1  0.6  XNOR2X1_RVT  wptr_full/g453__5122/Y  
     60    1081    65      1  0.7  NAND4X0_RVT  wptr_full/g446__8428/Y  
     99    1180    22      1  0.5  NOR4X1_RVT   wptr_full/g445__4319/Y  
      0    1180     -      1    -  SDFFARX1_RVT wptr_full/wfull_reg/D   
#-----------------------------------------------------------------------



Path 3: MET (887 ps) Setup Check with Pin fifomem/genblk1_7__U/CE1->I1[0]
          Group: wclk
     Startpoint: (R) wdata_reg_0_/CLK
          Clock: (R) wclk2x
       Endpoint: (R) fifomem/genblk1_7__U/I1[0]
          Clock: (R) wclk

                     Capture       Launch     
        Clock Edge:+    2000         1000     
       Src Latency:+       0            0     
       Net Latency:+       0 (I)        0 (I) 
           Arrival:=    2000         1000     
                                              
             Setup:-     -45                  
     Required Time:=    2045                  
      Launch Clock:-    1000                  
         Data Path:-     158                  
             Slack:=     887                  

#--------------------------------------------------------------------------
# Delay Arrival Trans Fanout Load     Cell            Timing Point         
#  (ps)   (ps)   (ps)        (fF)                                          
#--------------------------------------------------------------------------
      0    1000     0      8    -  (arrival)    wdata_reg_0_/CLK           
    158    1158    26      8  0.0  SDFFARX1_RVT wdata_reg_0_/Q             
      0    1158     -      8    -  SRAM2RW128x8 fifomem/genblk1_7__U/I1[0] 
#--------------------------------------------------------------------------

(P) : Instance is preserved



Path 4: MET (887 ps) Setup Check with Pin fifomem/genblk1_7__U/CE1->I1[1]
          Group: wclk
     Startpoint: (R) wdata_reg_1_/CLK
          Clock: (R) wclk2x
       Endpoint: (R) fifomem/genblk1_7__U/I1[1]
          Clock: (R) wclk

                     Capture       Launch     
        Clock Edge:+    2000         1000     
       Src Latency:+       0            0     
       Net Latency:+       0 (I)        0 (I) 
           Arrival:=    2000         1000     
                                              
             Setup:-     -45                  
     Required Time:=    2045                  
      Launch Clock:-    1000                  
         Data Path:-     158                  
             Slack:=     887                  

#--------------------------------------------------------------------------
# Delay Arrival Trans Fanout Load     Cell            Timing Point         
#  (ps)   (ps)   (ps)        (fF)                                          
#--------------------------------------------------------------------------
      0    1000     0      8    -  (arrival)    wdata_reg_1_/CLK           
    158    1158    26      8  0.0  SDFFARX1_RVT wdata_reg_1_/Q             
      0    1158     -      8    -  SRAM2RW128x8 fifomem/genblk1_7__U/I1[1] 
#--------------------------------------------------------------------------

(P) : Instance is preserved



Path 5: MET (887 ps) Setup Check with Pin fifomem/genblk1_7__U/CE1->I1[2]
          Group: wclk
     Startpoint: (R) wdata_reg_2_/CLK
          Clock: (R) wclk2x
       Endpoint: (R) fifomem/genblk1_7__U/I1[2]
          Clock: (R) wclk

                     Capture       Launch     
        Clock Edge:+    2000         1000     
       Src Latency:+       0            0     
       Net Latency:+       0 (I)        0 (I) 
           Arrival:=    2000         1000     
                                              
             Setup:-     -45                  
     Required Time:=    2045                  
      Launch Clock:-    1000                  
         Data Path:-     158                  
             Slack:=     887                  

#--------------------------------------------------------------------------
# Delay Arrival Trans Fanout Load     Cell            Timing Point         
#  (ps)   (ps)   (ps)        (fF)                                          
#--------------------------------------------------------------------------
      0    1000     0      8    -  (arrival)    wdata_reg_2_/CLK           
    158    1158    26      8  0.0  SDFFARX1_RVT wdata_reg_2_/Q             
      0    1158     -      8    -  SRAM2RW128x8 fifomem/genblk1_7__U/I1[2] 
#--------------------------------------------------------------------------

(P) : Instance is preserved



Path 6: MET (887 ps) Setup Check with Pin fifomem/genblk1_7__U/CE1->I1[3]
          Group: wclk
     Startpoint: (R) wdata_reg_3_/CLK
          Clock: (R) wclk2x
       Endpoint: (R) fifomem/genblk1_7__U/I1[3]
          Clock: (R) wclk

                     Capture       Launch     
        Clock Edge:+    2000         1000     
       Src Latency:+       0            0     
       Net Latency:+       0 (I)        0 (I) 
           Arrival:=    2000         1000     
                                              
             Setup:-     -45                  
     Required Time:=    2045                  
      Launch Clock:-    1000                  
         Data Path:-     158                  
             Slack:=     887                  

#--------------------------------------------------------------------------
# Delay Arrival Trans Fanout Load     Cell            Timing Point         
#  (ps)   (ps)   (ps)        (fF)                                          
#--------------------------------------------------------------------------
      0    1000     0      8    -  (arrival)    wdata_reg_3_/CLK           
    158    1158    26      8  0.0  SDFFARX1_RVT wdata_reg_3_/Q             
      0    1158     -      8    -  SRAM2RW128x8 fifomem/genblk1_7__U/I1[3] 
#--------------------------------------------------------------------------

(P) : Instance is preserved



Path 7: MET (887 ps) Setup Check with Pin fifomem/genblk1_7__U/CE1->I1[4]
          Group: wclk
     Startpoint: (R) wdata_reg_4_/CLK
          Clock: (R) wclk2x
       Endpoint: (R) fifomem/genblk1_7__U/I1[4]
          Clock: (R) wclk

                     Capture       Launch     
        Clock Edge:+    2000         1000     
       Src Latency:+       0            0     
       Net Latency:+       0 (I)        0 (I) 
           Arrival:=    2000         1000     
                                              
             Setup:-     -45                  
     Required Time:=    2045                  
      Launch Clock:-    1000                  
         Data Path:-     158                  
             Slack:=     887                  

#--------------------------------------------------------------------------
# Delay Arrival Trans Fanout Load     Cell            Timing Point         
#  (ps)   (ps)   (ps)        (fF)                                          
#--------------------------------------------------------------------------
      0    1000     0      8    -  (arrival)    wdata_reg_4_/CLK           
    158    1158    26      8  0.0  SDFFARX1_RVT wdata_reg_4_/Q             
      0    1158     -      8    -  SRAM2RW128x8 fifomem/genblk1_7__U/I1[4] 
#--------------------------------------------------------------------------

(P) : Instance is preserved



Path 8: MET (887 ps) Setup Check with Pin fifomem/genblk1_7__U/CE1->I1[5]
          Group: wclk
     Startpoint: (R) wdata_reg_5_/CLK
          Clock: (R) wclk2x
       Endpoint: (R) fifomem/genblk1_7__U/I1[5]
          Clock: (R) wclk

                     Capture       Launch     
        Clock Edge:+    2000         1000     
       Src Latency:+       0            0     
       Net Latency:+       0 (I)        0 (I) 
           Arrival:=    2000         1000     
                                              
             Setup:-     -45                  
     Required Time:=    2045                  
      Launch Clock:-    1000                  
         Data Path:-     158                  
             Slack:=     887                  

#--------------------------------------------------------------------------
# Delay Arrival Trans Fanout Load     Cell            Timing Point         
#  (ps)   (ps)   (ps)        (fF)                                          
#--------------------------------------------------------------------------
      0    1000     0      8    -  (arrival)    wdata_reg_5_/CLK           
    158    1158    26      8  0.0  SDFFARX1_RVT wdata_reg_5_/Q             
      0    1158     -      8    -  SRAM2RW128x8 fifomem/genblk1_7__U/I1[5] 
#--------------------------------------------------------------------------

(P) : Instance is preserved



Path 9: MET (887 ps) Setup Check with Pin fifomem/genblk1_7__U/CE1->I1[6]
          Group: wclk
     Startpoint: (R) wdata_reg_6_/CLK
          Clock: (R) wclk2x
       Endpoint: (R) fifomem/genblk1_7__U/I1[6]
          Clock: (R) wclk

                     Capture       Launch     
        Clock Edge:+    2000         1000     
       Src Latency:+       0            0     
       Net Latency:+       0 (I)        0 (I) 
           Arrival:=    2000         1000     
                                              
             Setup:-     -45                  
     Required Time:=    2045                  
      Launch Clock:-    1000                  
         Data Path:-     158                  
             Slack:=     887                  

#--------------------------------------------------------------------------
# Delay Arrival Trans Fanout Load     Cell            Timing Point         
#  (ps)   (ps)   (ps)        (fF)                                          
#--------------------------------------------------------------------------
      0    1000     0      8    -  (arrival)    wdata_reg_6_/CLK           
    158    1158    26      8  0.0  SDFFARX1_RVT wdata_reg_6_/Q             
      0    1158     -      8    -  SRAM2RW128x8 fifomem/genblk1_7__U/I1[6] 
#--------------------------------------------------------------------------

(P) : Instance is preserved



Path 10: MET (887 ps) Setup Check with Pin fifomem/genblk1_7__U/CE1->I1[7]
          Group: wclk
     Startpoint: (R) wdata_reg_7_/CLK
          Clock: (R) wclk2x
       Endpoint: (R) fifomem/genblk1_7__U/I1[7]
          Clock: (R) wclk

                     Capture       Launch     
        Clock Edge:+    2000         1000     
       Src Latency:+       0            0     
       Net Latency:+       0 (I)        0 (I) 
           Arrival:=    2000         1000     
                                              
             Setup:-     -45                  
     Required Time:=    2045                  
      Launch Clock:-    1000                  
         Data Path:-     158                  
             Slack:=     887                  

#--------------------------------------------------------------------------
# Delay Arrival Trans Fanout Load     Cell            Timing Point         
#  (ps)   (ps)   (ps)        (fF)                                          
#--------------------------------------------------------------------------
      0    1000     0      8    -  (arrival)    wdata_reg_7_/CLK           
    158    1158    26      8  0.0  SDFFARX1_RVT wdata_reg_7_/Q             
      0    1158     -      8    -  SRAM2RW128x8 fifomem/genblk1_7__U/I1[7] 
#--------------------------------------------------------------------------

(P) : Instance is preserved



Path 11: MET (887 ps) Setup Check with Pin fifomem/genblk1_6__U/CE1->I1[0]
          Group: wclk
     Startpoint: (R) wdata_reg_0_/CLK
          Clock: (R) wclk2x
       Endpoint: (R) fifomem/genblk1_6__U/I1[0]
          Clock: (R) wclk

                     Capture       Launch     
        Clock Edge:+    2000         1000     
       Src Latency:+       0            0     
       Net Latency:+       0 (I)        0 (I) 
           Arrival:=    2000         1000     
                                              
             Setup:-     -45                  
     Required Time:=    2045                  
      Launch Clock:-    1000                  
         Data Path:-     158                  
             Slack:=     887                  

#--------------------------------------------------------------------------
# Delay Arrival Trans Fanout Load     Cell            Timing Point         
#  (ps)   (ps)   (ps)        (fF)                                          
#--------------------------------------------------------------------------
      0    1000     0      8    -  (arrival)    wdata_reg_0_/CLK           
    158    1158    26      8  0.0  SDFFARX1_RVT wdata_reg_0_/Q             
      0    1158     -      8    -  SRAM2RW128x8 fifomem/genblk1_6__U/I1[0] 
#--------------------------------------------------------------------------

(P) : Instance is preserved



Path 12: MET (887 ps) Setup Check with Pin fifomem/genblk1_6__U/CE1->I1[1]
          Group: wclk
     Startpoint: (R) wdata_reg_1_/CLK
          Clock: (R) wclk2x
       Endpoint: (R) fifomem/genblk1_6__U/I1[1]
          Clock: (R) wclk

                     Capture       Launch     
        Clock Edge:+    2000         1000     
       Src Latency:+       0            0     
       Net Latency:+       0 (I)        0 (I) 
           Arrival:=    2000         1000     
                                              
             Setup:-     -45                  
     Required Time:=    2045                  
      Launch Clock:-    1000                  
         Data Path:-     158                  
             Slack:=     887                  

#--------------------------------------------------------------------------
# Delay Arrival Trans Fanout Load     Cell            Timing Point         
#  (ps)   (ps)   (ps)        (fF)                                          
#--------------------------------------------------------------------------
      0    1000     0      8    -  (arrival)    wdata_reg_1_/CLK           
    158    1158    26      8  0.0  SDFFARX1_RVT wdata_reg_1_/Q             
      0    1158     -      8    -  SRAM2RW128x8 fifomem/genblk1_6__U/I1[1] 
#--------------------------------------------------------------------------

(P) : Instance is preserved



Path 13: MET (887 ps) Setup Check with Pin fifomem/genblk1_6__U/CE1->I1[2]
          Group: wclk
     Startpoint: (R) wdata_reg_2_/CLK
          Clock: (R) wclk2x
       Endpoint: (R) fifomem/genblk1_6__U/I1[2]
          Clock: (R) wclk

                     Capture       Launch     
        Clock Edge:+    2000         1000     
       Src Latency:+       0            0     
       Net Latency:+       0 (I)        0 (I) 
           Arrival:=    2000         1000     
                                              
             Setup:-     -45                  
     Required Time:=    2045                  
      Launch Clock:-    1000                  
         Data Path:-     158                  
             Slack:=     887                  

#--------------------------------------------------------------------------
# Delay Arrival Trans Fanout Load     Cell            Timing Point         
#  (ps)   (ps)   (ps)        (fF)                                          
#--------------------------------------------------------------------------
      0    1000     0      8    -  (arrival)    wdata_reg_2_/CLK           
    158    1158    26      8  0.0  SDFFARX1_RVT wdata_reg_2_/Q             
      0    1158     -      8    -  SRAM2RW128x8 fifomem/genblk1_6__U/I1[2] 
#--------------------------------------------------------------------------

(P) : Instance is preserved



Path 14: MET (887 ps) Setup Check with Pin fifomem/genblk1_6__U/CE1->I1[3]
          Group: wclk
     Startpoint: (R) wdata_reg_3_/CLK
          Clock: (R) wclk2x
       Endpoint: (R) fifomem/genblk1_6__U/I1[3]
          Clock: (R) wclk

                     Capture       Launch     
        Clock Edge:+    2000         1000     
       Src Latency:+       0            0     
       Net Latency:+       0 (I)        0 (I) 
           Arrival:=    2000         1000     
                                              
             Setup:-     -45                  
     Required Time:=    2045                  
      Launch Clock:-    1000                  
         Data Path:-     158                  
             Slack:=     887                  

#--------------------------------------------------------------------------
# Delay Arrival Trans Fanout Load     Cell            Timing Point         
#  (ps)   (ps)   (ps)        (fF)                                          
#--------------------------------------------------------------------------
      0    1000     0      8    -  (arrival)    wdata_reg_3_/CLK           
    158    1158    26      8  0.0  SDFFARX1_RVT wdata_reg_3_/Q             
      0    1158     -      8    -  SRAM2RW128x8 fifomem/genblk1_6__U/I1[3] 
#--------------------------------------------------------------------------

(P) : Instance is preserved



Path 15: MET (887 ps) Setup Check with Pin fifomem/genblk1_6__U/CE1->I1[4]
          Group: wclk
     Startpoint: (R) wdata_reg_4_/CLK
          Clock: (R) wclk2x
       Endpoint: (R) fifomem/genblk1_6__U/I1[4]
          Clock: (R) wclk

                     Capture       Launch     
        Clock Edge:+    2000         1000     
       Src Latency:+       0            0     
       Net Latency:+       0 (I)        0 (I) 
           Arrival:=    2000         1000     
                                              
             Setup:-     -45                  
     Required Time:=    2045                  
      Launch Clock:-    1000                  
         Data Path:-     158                  
             Slack:=     887                  

#--------------------------------------------------------------------------
# Delay Arrival Trans Fanout Load     Cell            Timing Point         
#  (ps)   (ps)   (ps)        (fF)                                          
#--------------------------------------------------------------------------
      0    1000     0      8    -  (arrival)    wdata_reg_4_/CLK           
    158    1158    26      8  0.0  SDFFARX1_RVT wdata_reg_4_/Q             
      0    1158     -      8    -  SRAM2RW128x8 fifomem/genblk1_6__U/I1[4] 
#--------------------------------------------------------------------------

(P) : Instance is preserved



Path 16: MET (887 ps) Setup Check with Pin fifomem/genblk1_6__U/CE1->I1[5]
          Group: wclk
     Startpoint: (R) wdata_reg_5_/CLK
          Clock: (R) wclk2x
       Endpoint: (R) fifomem/genblk1_6__U/I1[5]
          Clock: (R) wclk

                     Capture       Launch     
        Clock Edge:+    2000         1000     
       Src Latency:+       0            0     
       Net Latency:+       0 (I)        0 (I) 
           Arrival:=    2000         1000     
                                              
             Setup:-     -45                  
     Required Time:=    2045                  
      Launch Clock:-    1000                  
         Data Path:-     158                  
             Slack:=     887                  

#--------------------------------------------------------------------------
# Delay Arrival Trans Fanout Load     Cell            Timing Point         
#  (ps)   (ps)   (ps)        (fF)                                          
#--------------------------------------------------------------------------
      0    1000     0      8    -  (arrival)    wdata_reg_5_/CLK           
    158    1158    26      8  0.0  SDFFARX1_RVT wdata_reg_5_/Q             
      0    1158     -      8    -  SRAM2RW128x8 fifomem/genblk1_6__U/I1[5] 
#--------------------------------------------------------------------------

(P) : Instance is preserved



Path 17: MET (887 ps) Setup Check with Pin fifomem/genblk1_6__U/CE1->I1[6]
          Group: wclk
     Startpoint: (R) wdata_reg_6_/CLK
          Clock: (R) wclk2x
       Endpoint: (R) fifomem/genblk1_6__U/I1[6]
          Clock: (R) wclk

                     Capture       Launch     
        Clock Edge:+    2000         1000     
       Src Latency:+       0            0     
       Net Latency:+       0 (I)        0 (I) 
           Arrival:=    2000         1000     
                                              
             Setup:-     -45                  
     Required Time:=    2045                  
      Launch Clock:-    1000                  
         Data Path:-     158                  
             Slack:=     887                  

#--------------------------------------------------------------------------
# Delay Arrival Trans Fanout Load     Cell            Timing Point         
#  (ps)   (ps)   (ps)        (fF)                                          
#--------------------------------------------------------------------------
      0    1000     0      8    -  (arrival)    wdata_reg_6_/CLK           
    158    1158    26      8  0.0  SDFFARX1_RVT wdata_reg_6_/Q             
      0    1158     -      8    -  SRAM2RW128x8 fifomem/genblk1_6__U/I1[6] 
#--------------------------------------------------------------------------

(P) : Instance is preserved



Path 18: MET (887 ps) Setup Check with Pin fifomem/genblk1_6__U/CE1->I1[7]
          Group: wclk
     Startpoint: (R) wdata_reg_7_/CLK
          Clock: (R) wclk2x
       Endpoint: (R) fifomem/genblk1_6__U/I1[7]
          Clock: (R) wclk

                     Capture       Launch     
        Clock Edge:+    2000         1000     
       Src Latency:+       0            0     
       Net Latency:+       0 (I)        0 (I) 
           Arrival:=    2000         1000     
                                              
             Setup:-     -45                  
     Required Time:=    2045                  
      Launch Clock:-    1000                  
         Data Path:-     158                  
             Slack:=     887                  

#--------------------------------------------------------------------------
# Delay Arrival Trans Fanout Load     Cell            Timing Point         
#  (ps)   (ps)   (ps)        (fF)                                          
#--------------------------------------------------------------------------
      0    1000     0      8    -  (arrival)    wdata_reg_7_/CLK           
    158    1158    26      8  0.0  SDFFARX1_RVT wdata_reg_7_/Q             
      0    1158     -      8    -  SRAM2RW128x8 fifomem/genblk1_6__U/I1[7] 
#--------------------------------------------------------------------------

(P) : Instance is preserved



Path 19: MET (887 ps) Setup Check with Pin fifomem/genblk1_5__U/CE1->I1[0]
          Group: wclk
     Startpoint: (R) wdata_reg_0_/CLK
          Clock: (R) wclk2x
       Endpoint: (R) fifomem/genblk1_5__U/I1[0]
          Clock: (R) wclk

                     Capture       Launch     
        Clock Edge:+    2000         1000     
       Src Latency:+       0            0     
       Net Latency:+       0 (I)        0 (I) 
           Arrival:=    2000         1000     
                                              
             Setup:-     -45                  
     Required Time:=    2045                  
      Launch Clock:-    1000                  
         Data Path:-     158                  
             Slack:=     887                  

#--------------------------------------------------------------------------
# Delay Arrival Trans Fanout Load     Cell            Timing Point         
#  (ps)   (ps)   (ps)        (fF)                                          
#--------------------------------------------------------------------------
      0    1000     0      8    -  (arrival)    wdata_reg_0_/CLK           
    158    1158    26      8  0.0  SDFFARX1_RVT wdata_reg_0_/Q             
      0    1158     -      8    -  SRAM2RW128x8 fifomem/genblk1_5__U/I1[0] 
#--------------------------------------------------------------------------

(P) : Instance is preserved



Path 20: MET (887 ps) Setup Check with Pin fifomem/genblk1_5__U/CE1->I1[1]
          Group: wclk
     Startpoint: (R) wdata_reg_1_/CLK
          Clock: (R) wclk2x
       Endpoint: (R) fifomem/genblk1_5__U/I1[1]
          Clock: (R) wclk

                     Capture       Launch     
        Clock Edge:+    2000         1000     
       Src Latency:+       0            0     
       Net Latency:+       0 (I)        0 (I) 
           Arrival:=    2000         1000     
                                              
             Setup:-     -45                  
     Required Time:=    2045                  
      Launch Clock:-    1000                  
         Data Path:-     158                  
             Slack:=     887                  

#--------------------------------------------------------------------------
# Delay Arrival Trans Fanout Load     Cell            Timing Point         
#  (ps)   (ps)   (ps)        (fF)                                          
#--------------------------------------------------------------------------
      0    1000     0      8    -  (arrival)    wdata_reg_1_/CLK           
    158    1158    26      8  0.0  SDFFARX1_RVT wdata_reg_1_/Q             
      0    1158     -      8    -  SRAM2RW128x8 fifomem/genblk1_5__U/I1[1] 
#--------------------------------------------------------------------------

(P) : Instance is preserved



Path 21: MET (887 ps) Setup Check with Pin fifomem/genblk1_5__U/CE1->I1[2]
          Group: wclk
     Startpoint: (R) wdata_reg_2_/CLK
          Clock: (R) wclk2x
       Endpoint: (R) fifomem/genblk1_5__U/I1[2]
          Clock: (R) wclk

                     Capture       Launch     
        Clock Edge:+    2000         1000     
       Src Latency:+       0            0     
       Net Latency:+       0 (I)        0 (I) 
           Arrival:=    2000         1000     
                                              
             Setup:-     -45                  
     Required Time:=    2045                  
      Launch Clock:-    1000                  
         Data Path:-     158                  
             Slack:=     887                  

#--------------------------------------------------------------------------
# Delay Arrival Trans Fanout Load     Cell            Timing Point         
#  (ps)   (ps)   (ps)        (fF)                                          
#--------------------------------------------------------------------------
      0    1000     0      8    -  (arrival)    wdata_reg_2_/CLK           
    158    1158    26      8  0.0  SDFFARX1_RVT wdata_reg_2_/Q             
      0    1158     -      8    -  SRAM2RW128x8 fifomem/genblk1_5__U/I1[2] 
#--------------------------------------------------------------------------

(P) : Instance is preserved



Path 22: MET (887 ps) Setup Check with Pin fifomem/genblk1_5__U/CE1->I1[3]
          Group: wclk
     Startpoint: (R) wdata_reg_3_/CLK
          Clock: (R) wclk2x
       Endpoint: (R) fifomem/genblk1_5__U/I1[3]
          Clock: (R) wclk

                     Capture       Launch     
        Clock Edge:+    2000         1000     
       Src Latency:+       0            0     
       Net Latency:+       0 (I)        0 (I) 
           Arrival:=    2000         1000     
                                              
             Setup:-     -45                  
     Required Time:=    2045                  
      Launch Clock:-    1000                  
         Data Path:-     158                  
             Slack:=     887                  

#--------------------------------------------------------------------------
# Delay Arrival Trans Fanout Load     Cell            Timing Point         
#  (ps)   (ps)   (ps)        (fF)                                          
#--------------------------------------------------------------------------
      0    1000     0      8    -  (arrival)    wdata_reg_3_/CLK           
    158    1158    26      8  0.0  SDFFARX1_RVT wdata_reg_3_/Q             
      0    1158     -      8    -  SRAM2RW128x8 fifomem/genblk1_5__U/I1[3] 
#--------------------------------------------------------------------------

(P) : Instance is preserved



Path 23: MET (887 ps) Setup Check with Pin fifomem/genblk1_5__U/CE1->I1[4]
          Group: wclk
     Startpoint: (R) wdata_reg_4_/CLK
          Clock: (R) wclk2x
       Endpoint: (R) fifomem/genblk1_5__U/I1[4]
          Clock: (R) wclk

                     Capture       Launch     
        Clock Edge:+    2000         1000     
       Src Latency:+       0            0     
       Net Latency:+       0 (I)        0 (I) 
           Arrival:=    2000         1000     
                                              
             Setup:-     -45                  
     Required Time:=    2045                  
      Launch Clock:-    1000                  
         Data Path:-     158                  
             Slack:=     887                  

#--------------------------------------------------------------------------
# Delay Arrival Trans Fanout Load     Cell            Timing Point         
#  (ps)   (ps)   (ps)        (fF)                                          
#--------------------------------------------------------------------------
      0    1000     0      8    -  (arrival)    wdata_reg_4_/CLK           
    158    1158    26      8  0.0  SDFFARX1_RVT wdata_reg_4_/Q             
      0    1158     -      8    -  SRAM2RW128x8 fifomem/genblk1_5__U/I1[4] 
#--------------------------------------------------------------------------

(P) : Instance is preserved



Path 24: MET (887 ps) Setup Check with Pin fifomem/genblk1_5__U/CE1->I1[5]
          Group: wclk
     Startpoint: (R) wdata_reg_5_/CLK
          Clock: (R) wclk2x
       Endpoint: (R) fifomem/genblk1_5__U/I1[5]
          Clock: (R) wclk

                     Capture       Launch     
        Clock Edge:+    2000         1000     
       Src Latency:+       0            0     
       Net Latency:+       0 (I)        0 (I) 
           Arrival:=    2000         1000     
                                              
             Setup:-     -45                  
     Required Time:=    2045                  
      Launch Clock:-    1000                  
         Data Path:-     158                  
             Slack:=     887                  

#--------------------------------------------------------------------------
# Delay Arrival Trans Fanout Load     Cell            Timing Point         
#  (ps)   (ps)   (ps)        (fF)                                          
#--------------------------------------------------------------------------
      0    1000     0      8    -  (arrival)    wdata_reg_5_/CLK           
    158    1158    26      8  0.0  SDFFARX1_RVT wdata_reg_5_/Q             
      0    1158     -      8    -  SRAM2RW128x8 fifomem/genblk1_5__U/I1[5] 
#--------------------------------------------------------------------------

(P) : Instance is preserved



Path 25: MET (887 ps) Setup Check with Pin fifomem/genblk1_5__U/CE1->I1[6]
          Group: wclk
     Startpoint: (R) wdata_reg_6_/CLK
          Clock: (R) wclk2x
       Endpoint: (R) fifomem/genblk1_5__U/I1[6]
          Clock: (R) wclk

                     Capture       Launch     
        Clock Edge:+    2000         1000     
       Src Latency:+       0            0     
       Net Latency:+       0 (I)        0 (I) 
           Arrival:=    2000         1000     
                                              
             Setup:-     -45                  
     Required Time:=    2045                  
      Launch Clock:-    1000                  
         Data Path:-     158                  
             Slack:=     887                  

#--------------------------------------------------------------------------
# Delay Arrival Trans Fanout Load     Cell            Timing Point         
#  (ps)   (ps)   (ps)        (fF)                                          
#--------------------------------------------------------------------------
      0    1000     0      8    -  (arrival)    wdata_reg_6_/CLK           
    158    1158    26      8  0.0  SDFFARX1_RVT wdata_reg_6_/Q             
      0    1158     -      8    -  SRAM2RW128x8 fifomem/genblk1_5__U/I1[6] 
#--------------------------------------------------------------------------

(P) : Instance is preserved



Path 26: MET (887 ps) Setup Check with Pin fifomem/genblk1_5__U/CE1->I1[7]
          Group: wclk
     Startpoint: (R) wdata_reg_7_/CLK
          Clock: (R) wclk2x
       Endpoint: (R) fifomem/genblk1_5__U/I1[7]
          Clock: (R) wclk

                     Capture       Launch     
        Clock Edge:+    2000         1000     
       Src Latency:+       0            0     
       Net Latency:+       0 (I)        0 (I) 
           Arrival:=    2000         1000     
                                              
             Setup:-     -45                  
     Required Time:=    2045                  
      Launch Clock:-    1000                  
         Data Path:-     158                  
             Slack:=     887                  

#--------------------------------------------------------------------------
# Delay Arrival Trans Fanout Load     Cell            Timing Point         
#  (ps)   (ps)   (ps)        (fF)                                          
#--------------------------------------------------------------------------
      0    1000     0      8    -  (arrival)    wdata_reg_7_/CLK           
    158    1158    26      8  0.0  SDFFARX1_RVT wdata_reg_7_/Q             
      0    1158     -      8    -  SRAM2RW128x8 fifomem/genblk1_5__U/I1[7] 
#--------------------------------------------------------------------------

(P) : Instance is preserved



Path 27: MET (887 ps) Setup Check with Pin fifomem/genblk1_4__U/CE1->I1[0]
          Group: wclk
     Startpoint: (R) wdata_reg_0_/CLK
          Clock: (R) wclk2x
       Endpoint: (R) fifomem/genblk1_4__U/I1[0]
          Clock: (R) wclk

                     Capture       Launch     
        Clock Edge:+    2000         1000     
       Src Latency:+       0            0     
       Net Latency:+       0 (I)        0 (I) 
           Arrival:=    2000         1000     
                                              
             Setup:-     -45                  
     Required Time:=    2045                  
      Launch Clock:-    1000                  
         Data Path:-     158                  
             Slack:=     887                  

#--------------------------------------------------------------------------
# Delay Arrival Trans Fanout Load     Cell            Timing Point         
#  (ps)   (ps)   (ps)        (fF)                                          
#--------------------------------------------------------------------------
      0    1000     0      8    -  (arrival)    wdata_reg_0_/CLK           
    158    1158    26      8  0.0  SDFFARX1_RVT wdata_reg_0_/Q             
      0    1158     -      8    -  SRAM2RW128x8 fifomem/genblk1_4__U/I1[0] 
#--------------------------------------------------------------------------

(P) : Instance is preserved



Path 28: MET (887 ps) Setup Check with Pin fifomem/genblk1_4__U/CE1->I1[1]
          Group: wclk
     Startpoint: (R) wdata_reg_1_/CLK
          Clock: (R) wclk2x
       Endpoint: (R) fifomem/genblk1_4__U/I1[1]
          Clock: (R) wclk

                     Capture       Launch     
        Clock Edge:+    2000         1000     
       Src Latency:+       0            0     
       Net Latency:+       0 (I)        0 (I) 
           Arrival:=    2000         1000     
                                              
             Setup:-     -45                  
     Required Time:=    2045                  
      Launch Clock:-    1000                  
         Data Path:-     158                  
             Slack:=     887                  

#--------------------------------------------------------------------------
# Delay Arrival Trans Fanout Load     Cell            Timing Point         
#  (ps)   (ps)   (ps)        (fF)                                          
#--------------------------------------------------------------------------
      0    1000     0      8    -  (arrival)    wdata_reg_1_/CLK           
    158    1158    26      8  0.0  SDFFARX1_RVT wdata_reg_1_/Q             
      0    1158     -      8    -  SRAM2RW128x8 fifomem/genblk1_4__U/I1[1] 
#--------------------------------------------------------------------------

(P) : Instance is preserved



Path 29: MET (887 ps) Setup Check with Pin fifomem/genblk1_4__U/CE1->I1[2]
          Group: wclk
     Startpoint: (R) wdata_reg_2_/CLK
          Clock: (R) wclk2x
       Endpoint: (R) fifomem/genblk1_4__U/I1[2]
          Clock: (R) wclk

                     Capture       Launch     
        Clock Edge:+    2000         1000     
       Src Latency:+       0            0     
       Net Latency:+       0 (I)        0 (I) 
           Arrival:=    2000         1000     
                                              
             Setup:-     -45                  
     Required Time:=    2045                  
      Launch Clock:-    1000                  
         Data Path:-     158                  
             Slack:=     887                  

#--------------------------------------------------------------------------
# Delay Arrival Trans Fanout Load     Cell            Timing Point         
#  (ps)   (ps)   (ps)        (fF)                                          
#--------------------------------------------------------------------------
      0    1000     0      8    -  (arrival)    wdata_reg_2_/CLK           
    158    1158    26      8  0.0  SDFFARX1_RVT wdata_reg_2_/Q             
      0    1158     -      8    -  SRAM2RW128x8 fifomem/genblk1_4__U/I1[2] 
#--------------------------------------------------------------------------

(P) : Instance is preserved



Path 30: MET (887 ps) Setup Check with Pin fifomem/genblk1_4__U/CE1->I1[3]
          Group: wclk
     Startpoint: (R) wdata_reg_3_/CLK
          Clock: (R) wclk2x
       Endpoint: (R) fifomem/genblk1_4__U/I1[3]
          Clock: (R) wclk

                     Capture       Launch     
        Clock Edge:+    2000         1000     
       Src Latency:+       0            0     
       Net Latency:+       0 (I)        0 (I) 
           Arrival:=    2000         1000     
                                              
             Setup:-     -45                  
     Required Time:=    2045                  
      Launch Clock:-    1000                  
         Data Path:-     158                  
             Slack:=     887                  

#--------------------------------------------------------------------------
# Delay Arrival Trans Fanout Load     Cell            Timing Point         
#  (ps)   (ps)   (ps)        (fF)                                          
#--------------------------------------------------------------------------
      0    1000     0      8    -  (arrival)    wdata_reg_3_/CLK           
    158    1158    26      8  0.0  SDFFARX1_RVT wdata_reg_3_/Q             
      0    1158     -      8    -  SRAM2RW128x8 fifomem/genblk1_4__U/I1[3] 
#--------------------------------------------------------------------------

(P) : Instance is preserved



Path 31: MET (887 ps) Setup Check with Pin fifomem/genblk1_4__U/CE1->I1[4]
          Group: wclk
     Startpoint: (R) wdata_reg_4_/CLK
          Clock: (R) wclk2x
       Endpoint: (R) fifomem/genblk1_4__U/I1[4]
          Clock: (R) wclk

                     Capture       Launch     
        Clock Edge:+    2000         1000     
       Src Latency:+       0            0     
       Net Latency:+       0 (I)        0 (I) 
           Arrival:=    2000         1000     
                                              
             Setup:-     -45                  
     Required Time:=    2045                  
      Launch Clock:-    1000                  
         Data Path:-     158                  
             Slack:=     887                  

#--------------------------------------------------------------------------
# Delay Arrival Trans Fanout Load     Cell            Timing Point         
#  (ps)   (ps)   (ps)        (fF)                                          
#--------------------------------------------------------------------------
      0    1000     0      8    -  (arrival)    wdata_reg_4_/CLK           
    158    1158    26      8  0.0  SDFFARX1_RVT wdata_reg_4_/Q             
      0    1158     -      8    -  SRAM2RW128x8 fifomem/genblk1_4__U/I1[4] 
#--------------------------------------------------------------------------

(P) : Instance is preserved



Path 32: MET (887 ps) Setup Check with Pin fifomem/genblk1_4__U/CE1->I1[5]
          Group: wclk
     Startpoint: (R) wdata_reg_5_/CLK
          Clock: (R) wclk2x
       Endpoint: (R) fifomem/genblk1_4__U/I1[5]
          Clock: (R) wclk

                     Capture       Launch     
        Clock Edge:+    2000         1000     
       Src Latency:+       0            0     
       Net Latency:+       0 (I)        0 (I) 
           Arrival:=    2000         1000     
                                              
             Setup:-     -45                  
     Required Time:=    2045                  
      Launch Clock:-    1000                  
         Data Path:-     158                  
             Slack:=     887                  

#--------------------------------------------------------------------------
# Delay Arrival Trans Fanout Load     Cell            Timing Point         
#  (ps)   (ps)   (ps)        (fF)                                          
#--------------------------------------------------------------------------
      0    1000     0      8    -  (arrival)    wdata_reg_5_/CLK           
    158    1158    26      8  0.0  SDFFARX1_RVT wdata_reg_5_/Q             
      0    1158     -      8    -  SRAM2RW128x8 fifomem/genblk1_4__U/I1[5] 
#--------------------------------------------------------------------------

(P) : Instance is preserved



Path 33: MET (887 ps) Setup Check with Pin fifomem/genblk1_4__U/CE1->I1[6]
          Group: wclk
     Startpoint: (R) wdata_reg_6_/CLK
          Clock: (R) wclk2x
       Endpoint: (R) fifomem/genblk1_4__U/I1[6]
          Clock: (R) wclk

                     Capture       Launch     
        Clock Edge:+    2000         1000     
       Src Latency:+       0            0     
       Net Latency:+       0 (I)        0 (I) 
           Arrival:=    2000         1000     
                                              
             Setup:-     -45                  
     Required Time:=    2045                  
      Launch Clock:-    1000                  
         Data Path:-     158                  
             Slack:=     887                  

#--------------------------------------------------------------------------
# Delay Arrival Trans Fanout Load     Cell            Timing Point         
#  (ps)   (ps)   (ps)        (fF)                                          
#--------------------------------------------------------------------------
      0    1000     0      8    -  (arrival)    wdata_reg_6_/CLK           
    158    1158    26      8  0.0  SDFFARX1_RVT wdata_reg_6_/Q             
      0    1158     -      8    -  SRAM2RW128x8 fifomem/genblk1_4__U/I1[6] 
#--------------------------------------------------------------------------

(P) : Instance is preserved



Path 34: MET (887 ps) Setup Check with Pin fifomem/genblk1_4__U/CE1->I1[7]
          Group: wclk
     Startpoint: (R) wdata_reg_7_/CLK
          Clock: (R) wclk2x
       Endpoint: (R) fifomem/genblk1_4__U/I1[7]
          Clock: (R) wclk

                     Capture       Launch     
        Clock Edge:+    2000         1000     
       Src Latency:+       0            0     
       Net Latency:+       0 (I)        0 (I) 
           Arrival:=    2000         1000     
                                              
             Setup:-     -45                  
     Required Time:=    2045                  
      Launch Clock:-    1000                  
         Data Path:-     158                  
             Slack:=     887                  

#--------------------------------------------------------------------------
# Delay Arrival Trans Fanout Load     Cell            Timing Point         
#  (ps)   (ps)   (ps)        (fF)                                          
#--------------------------------------------------------------------------
      0    1000     0      8    -  (arrival)    wdata_reg_7_/CLK           
    158    1158    26      8  0.0  SDFFARX1_RVT wdata_reg_7_/Q             
      0    1158     -      8    -  SRAM2RW128x8 fifomem/genblk1_4__U/I1[7] 
#--------------------------------------------------------------------------

(P) : Instance is preserved



Path 35: MET (887 ps) Setup Check with Pin fifomem/genblk1_3__U/CE1->I1[0]
          Group: wclk
     Startpoint: (R) wdata_reg_0_/CLK
          Clock: (R) wclk2x
       Endpoint: (R) fifomem/genblk1_3__U/I1[0]
          Clock: (R) wclk

                     Capture       Launch     
        Clock Edge:+    2000         1000     
       Src Latency:+       0            0     
       Net Latency:+       0 (I)        0 (I) 
           Arrival:=    2000         1000     
                                              
             Setup:-     -45                  
     Required Time:=    2045                  
      Launch Clock:-    1000                  
         Data Path:-     158                  
             Slack:=     887                  

#--------------------------------------------------------------------------
# Delay Arrival Trans Fanout Load     Cell            Timing Point         
#  (ps)   (ps)   (ps)        (fF)                                          
#--------------------------------------------------------------------------
      0    1000     0      8    -  (arrival)    wdata_reg_0_/CLK           
    158    1158    26      8  0.0  SDFFARX1_RVT wdata_reg_0_/Q             
      0    1158     -      8    -  SRAM2RW128x8 fifomem/genblk1_3__U/I1[0] 
#--------------------------------------------------------------------------

(P) : Instance is preserved



Path 36: MET (887 ps) Setup Check with Pin fifomem/genblk1_3__U/CE1->I1[1]
          Group: wclk
     Startpoint: (R) wdata_reg_1_/CLK
          Clock: (R) wclk2x
       Endpoint: (R) fifomem/genblk1_3__U/I1[1]
          Clock: (R) wclk

                     Capture       Launch     
        Clock Edge:+    2000         1000     
       Src Latency:+       0            0     
       Net Latency:+       0 (I)        0 (I) 
           Arrival:=    2000         1000     
                                              
             Setup:-     -45                  
     Required Time:=    2045                  
      Launch Clock:-    1000                  
         Data Path:-     158                  
             Slack:=     887                  

#--------------------------------------------------------------------------
# Delay Arrival Trans Fanout Load     Cell            Timing Point         
#  (ps)   (ps)   (ps)        (fF)                                          
#--------------------------------------------------------------------------
      0    1000     0      8    -  (arrival)    wdata_reg_1_/CLK           
    158    1158    26      8  0.0  SDFFARX1_RVT wdata_reg_1_/Q             
      0    1158     -      8    -  SRAM2RW128x8 fifomem/genblk1_3__U/I1[1] 
#--------------------------------------------------------------------------

(P) : Instance is preserved



Path 37: MET (887 ps) Setup Check with Pin fifomem/genblk1_3__U/CE1->I1[2]
          Group: wclk
     Startpoint: (R) wdata_reg_2_/CLK
          Clock: (R) wclk2x
       Endpoint: (R) fifomem/genblk1_3__U/I1[2]
          Clock: (R) wclk

                     Capture       Launch     
        Clock Edge:+    2000         1000     
       Src Latency:+       0            0     
       Net Latency:+       0 (I)        0 (I) 
           Arrival:=    2000         1000     
                                              
             Setup:-     -45                  
     Required Time:=    2045                  
      Launch Clock:-    1000                  
         Data Path:-     158                  
             Slack:=     887                  

#--------------------------------------------------------------------------
# Delay Arrival Trans Fanout Load     Cell            Timing Point         
#  (ps)   (ps)   (ps)        (fF)                                          
#--------------------------------------------------------------------------
      0    1000     0      8    -  (arrival)    wdata_reg_2_/CLK           
    158    1158    26      8  0.0  SDFFARX1_RVT wdata_reg_2_/Q             
      0    1158     -      8    -  SRAM2RW128x8 fifomem/genblk1_3__U/I1[2] 
#--------------------------------------------------------------------------

(P) : Instance is preserved



Path 38: MET (887 ps) Setup Check with Pin fifomem/genblk1_3__U/CE1->I1[3]
          Group: wclk
     Startpoint: (R) wdata_reg_3_/CLK
          Clock: (R) wclk2x
       Endpoint: (R) fifomem/genblk1_3__U/I1[3]
          Clock: (R) wclk

                     Capture       Launch     
        Clock Edge:+    2000         1000     
       Src Latency:+       0            0     
       Net Latency:+       0 (I)        0 (I) 
           Arrival:=    2000         1000     
                                              
             Setup:-     -45                  
     Required Time:=    2045                  
      Launch Clock:-    1000                  
         Data Path:-     158                  
             Slack:=     887                  

#--------------------------------------------------------------------------
# Delay Arrival Trans Fanout Load     Cell            Timing Point         
#  (ps)   (ps)   (ps)        (fF)                                          
#--------------------------------------------------------------------------
      0    1000     0      8    -  (arrival)    wdata_reg_3_/CLK           
    158    1158    26      8  0.0  SDFFARX1_RVT wdata_reg_3_/Q             
      0    1158     -      8    -  SRAM2RW128x8 fifomem/genblk1_3__U/I1[3] 
#--------------------------------------------------------------------------

(P) : Instance is preserved



Path 39: MET (887 ps) Setup Check with Pin fifomem/genblk1_3__U/CE1->I1[4]
          Group: wclk
     Startpoint: (R) wdata_reg_4_/CLK
          Clock: (R) wclk2x
       Endpoint: (R) fifomem/genblk1_3__U/I1[4]
          Clock: (R) wclk

                     Capture       Launch     
        Clock Edge:+    2000         1000     
       Src Latency:+       0            0     
       Net Latency:+       0 (I)        0 (I) 
           Arrival:=    2000         1000     
                                              
             Setup:-     -45                  
     Required Time:=    2045                  
      Launch Clock:-    1000                  
         Data Path:-     158                  
             Slack:=     887                  

#--------------------------------------------------------------------------
# Delay Arrival Trans Fanout Load     Cell            Timing Point         
#  (ps)   (ps)   (ps)        (fF)                                          
#--------------------------------------------------------------------------
      0    1000     0      8    -  (arrival)    wdata_reg_4_/CLK           
    158    1158    26      8  0.0  SDFFARX1_RVT wdata_reg_4_/Q             
      0    1158     -      8    -  SRAM2RW128x8 fifomem/genblk1_3__U/I1[4] 
#--------------------------------------------------------------------------

(P) : Instance is preserved



Path 40: MET (887 ps) Setup Check with Pin fifomem/genblk1_3__U/CE1->I1[5]
          Group: wclk
     Startpoint: (R) wdata_reg_5_/CLK
          Clock: (R) wclk2x
       Endpoint: (R) fifomem/genblk1_3__U/I1[5]
          Clock: (R) wclk

                     Capture       Launch     
        Clock Edge:+    2000         1000     
       Src Latency:+       0            0     
       Net Latency:+       0 (I)        0 (I) 
           Arrival:=    2000         1000     
                                              
             Setup:-     -45                  
     Required Time:=    2045                  
      Launch Clock:-    1000                  
         Data Path:-     158                  
             Slack:=     887                  

#--------------------------------------------------------------------------
# Delay Arrival Trans Fanout Load     Cell            Timing Point         
#  (ps)   (ps)   (ps)        (fF)                                          
#--------------------------------------------------------------------------
      0    1000     0      8    -  (arrival)    wdata_reg_5_/CLK           
    158    1158    26      8  0.0  SDFFARX1_RVT wdata_reg_5_/Q             
      0    1158     -      8    -  SRAM2RW128x8 fifomem/genblk1_3__U/I1[5] 
#--------------------------------------------------------------------------

(P) : Instance is preserved



Path 41: MET (887 ps) Setup Check with Pin fifomem/genblk1_3__U/CE1->I1[6]
          Group: wclk
     Startpoint: (R) wdata_reg_6_/CLK
          Clock: (R) wclk2x
       Endpoint: (R) fifomem/genblk1_3__U/I1[6]
          Clock: (R) wclk

                     Capture       Launch     
        Clock Edge:+    2000         1000     
       Src Latency:+       0            0     
       Net Latency:+       0 (I)        0 (I) 
           Arrival:=    2000         1000     
                                              
             Setup:-     -45                  
     Required Time:=    2045                  
      Launch Clock:-    1000                  
         Data Path:-     158                  
             Slack:=     887                  

#--------------------------------------------------------------------------
# Delay Arrival Trans Fanout Load     Cell            Timing Point         
#  (ps)   (ps)   (ps)        (fF)                                          
#--------------------------------------------------------------------------
      0    1000     0      8    -  (arrival)    wdata_reg_6_/CLK           
    158    1158    26      8  0.0  SDFFARX1_RVT wdata_reg_6_/Q             
      0    1158     -      8    -  SRAM2RW128x8 fifomem/genblk1_3__U/I1[6] 
#--------------------------------------------------------------------------

(P) : Instance is preserved



Path 42: MET (887 ps) Setup Check with Pin fifomem/genblk1_3__U/CE1->I1[7]
          Group: wclk
     Startpoint: (R) wdata_reg_7_/CLK
          Clock: (R) wclk2x
       Endpoint: (R) fifomem/genblk1_3__U/I1[7]
          Clock: (R) wclk

                     Capture       Launch     
        Clock Edge:+    2000         1000     
       Src Latency:+       0            0     
       Net Latency:+       0 (I)        0 (I) 
           Arrival:=    2000         1000     
                                              
             Setup:-     -45                  
     Required Time:=    2045                  
      Launch Clock:-    1000                  
         Data Path:-     158                  
             Slack:=     887                  

#--------------------------------------------------------------------------
# Delay Arrival Trans Fanout Load     Cell            Timing Point         
#  (ps)   (ps)   (ps)        (fF)                                          
#--------------------------------------------------------------------------
      0    1000     0      8    -  (arrival)    wdata_reg_7_/CLK           
    158    1158    26      8  0.0  SDFFARX1_RVT wdata_reg_7_/Q             
      0    1158     -      8    -  SRAM2RW128x8 fifomem/genblk1_3__U/I1[7] 
#--------------------------------------------------------------------------

(P) : Instance is preserved



Path 43: MET (887 ps) Setup Check with Pin fifomem/genblk1_2__U/CE1->I1[0]
          Group: wclk
     Startpoint: (R) wdata_reg_0_/CLK
          Clock: (R) wclk2x
       Endpoint: (R) fifomem/genblk1_2__U/I1[0]
          Clock: (R) wclk

                     Capture       Launch     
        Clock Edge:+    2000         1000     
       Src Latency:+       0            0     
       Net Latency:+       0 (I)        0 (I) 
           Arrival:=    2000         1000     
                                              
             Setup:-     -45                  
     Required Time:=    2045                  
      Launch Clock:-    1000                  
         Data Path:-     158                  
             Slack:=     887                  

#--------------------------------------------------------------------------
# Delay Arrival Trans Fanout Load     Cell            Timing Point         
#  (ps)   (ps)   (ps)        (fF)                                          
#--------------------------------------------------------------------------
      0    1000     0      8    -  (arrival)    wdata_reg_0_/CLK           
    158    1158    26      8  0.0  SDFFARX1_RVT wdata_reg_0_/Q             
      0    1158     -      8    -  SRAM2RW128x8 fifomem/genblk1_2__U/I1[0] 
#--------------------------------------------------------------------------

(P) : Instance is preserved



Path 44: MET (887 ps) Setup Check with Pin fifomem/genblk1_2__U/CE1->I1[1]
          Group: wclk
     Startpoint: (R) wdata_reg_1_/CLK
          Clock: (R) wclk2x
       Endpoint: (R) fifomem/genblk1_2__U/I1[1]
          Clock: (R) wclk

                     Capture       Launch     
        Clock Edge:+    2000         1000     
       Src Latency:+       0            0     
       Net Latency:+       0 (I)        0 (I) 
           Arrival:=    2000         1000     
                                              
             Setup:-     -45                  
     Required Time:=    2045                  
      Launch Clock:-    1000                  
         Data Path:-     158                  
             Slack:=     887                  

#--------------------------------------------------------------------------
# Delay Arrival Trans Fanout Load     Cell            Timing Point         
#  (ps)   (ps)   (ps)        (fF)                                          
#--------------------------------------------------------------------------
      0    1000     0      8    -  (arrival)    wdata_reg_1_/CLK           
    158    1158    26      8  0.0  SDFFARX1_RVT wdata_reg_1_/Q             
      0    1158     -      8    -  SRAM2RW128x8 fifomem/genblk1_2__U/I1[1] 
#--------------------------------------------------------------------------

(P) : Instance is preserved



Path 45: MET (887 ps) Setup Check with Pin fifomem/genblk1_2__U/CE1->I1[2]
          Group: wclk
     Startpoint: (R) wdata_reg_2_/CLK
          Clock: (R) wclk2x
       Endpoint: (R) fifomem/genblk1_2__U/I1[2]
          Clock: (R) wclk

                     Capture       Launch     
        Clock Edge:+    2000         1000     
       Src Latency:+       0            0     
       Net Latency:+       0 (I)        0 (I) 
           Arrival:=    2000         1000     
                                              
             Setup:-     -45                  
     Required Time:=    2045                  
      Launch Clock:-    1000                  
         Data Path:-     158                  
             Slack:=     887                  

#--------------------------------------------------------------------------
# Delay Arrival Trans Fanout Load     Cell            Timing Point         
#  (ps)   (ps)   (ps)        (fF)                                          
#--------------------------------------------------------------------------
      0    1000     0      8    -  (arrival)    wdata_reg_2_/CLK           
    158    1158    26      8  0.0  SDFFARX1_RVT wdata_reg_2_/Q             
      0    1158     -      8    -  SRAM2RW128x8 fifomem/genblk1_2__U/I1[2] 
#--------------------------------------------------------------------------

(P) : Instance is preserved



Path 46: MET (887 ps) Setup Check with Pin fifomem/genblk1_2__U/CE1->I1[3]
          Group: wclk
     Startpoint: (R) wdata_reg_3_/CLK
          Clock: (R) wclk2x
       Endpoint: (R) fifomem/genblk1_2__U/I1[3]
          Clock: (R) wclk

                     Capture       Launch     
        Clock Edge:+    2000         1000     
       Src Latency:+       0            0     
       Net Latency:+       0 (I)        0 (I) 
           Arrival:=    2000         1000     
                                              
             Setup:-     -45                  
     Required Time:=    2045                  
      Launch Clock:-    1000                  
         Data Path:-     158                  
             Slack:=     887                  

#--------------------------------------------------------------------------
# Delay Arrival Trans Fanout Load     Cell            Timing Point         
#  (ps)   (ps)   (ps)        (fF)                                          
#--------------------------------------------------------------------------
      0    1000     0      8    -  (arrival)    wdata_reg_3_/CLK           
    158    1158    26      8  0.0  SDFFARX1_RVT wdata_reg_3_/Q             
      0    1158     -      8    -  SRAM2RW128x8 fifomem/genblk1_2__U/I1[3] 
#--------------------------------------------------------------------------

(P) : Instance is preserved



Path 47: MET (887 ps) Setup Check with Pin fifomem/genblk1_2__U/CE1->I1[4]
          Group: wclk
     Startpoint: (R) wdata_reg_4_/CLK
          Clock: (R) wclk2x
       Endpoint: (R) fifomem/genblk1_2__U/I1[4]
          Clock: (R) wclk

                     Capture       Launch     
        Clock Edge:+    2000         1000     
       Src Latency:+       0            0     
       Net Latency:+       0 (I)        0 (I) 
           Arrival:=    2000         1000     
                                              
             Setup:-     -45                  
     Required Time:=    2045                  
      Launch Clock:-    1000                  
         Data Path:-     158                  
             Slack:=     887                  

#--------------------------------------------------------------------------
# Delay Arrival Trans Fanout Load     Cell            Timing Point         
#  (ps)   (ps)   (ps)        (fF)                                          
#--------------------------------------------------------------------------
      0    1000     0      8    -  (arrival)    wdata_reg_4_/CLK           
    158    1158    26      8  0.0  SDFFARX1_RVT wdata_reg_4_/Q             
      0    1158     -      8    -  SRAM2RW128x8 fifomem/genblk1_2__U/I1[4] 
#--------------------------------------------------------------------------

(P) : Instance is preserved



Path 48: MET (887 ps) Setup Check with Pin fifomem/genblk1_2__U/CE1->I1[5]
          Group: wclk
     Startpoint: (R) wdata_reg_5_/CLK
          Clock: (R) wclk2x
       Endpoint: (R) fifomem/genblk1_2__U/I1[5]
          Clock: (R) wclk

                     Capture       Launch     
        Clock Edge:+    2000         1000     
       Src Latency:+       0            0     
       Net Latency:+       0 (I)        0 (I) 
           Arrival:=    2000         1000     
                                              
             Setup:-     -45                  
     Required Time:=    2045                  
      Launch Clock:-    1000                  
         Data Path:-     158                  
             Slack:=     887                  

#--------------------------------------------------------------------------
# Delay Arrival Trans Fanout Load     Cell            Timing Point         
#  (ps)   (ps)   (ps)        (fF)                                          
#--------------------------------------------------------------------------
      0    1000     0      8    -  (arrival)    wdata_reg_5_/CLK           
    158    1158    26      8  0.0  SDFFARX1_RVT wdata_reg_5_/Q             
      0    1158     -      8    -  SRAM2RW128x8 fifomem/genblk1_2__U/I1[5] 
#--------------------------------------------------------------------------

(P) : Instance is preserved



Path 49: MET (887 ps) Setup Check with Pin fifomem/genblk1_2__U/CE1->I1[6]
          Group: wclk
     Startpoint: (R) wdata_reg_6_/CLK
          Clock: (R) wclk2x
       Endpoint: (R) fifomem/genblk1_2__U/I1[6]
          Clock: (R) wclk

                     Capture       Launch     
        Clock Edge:+    2000         1000     
       Src Latency:+       0            0     
       Net Latency:+       0 (I)        0 (I) 
           Arrival:=    2000         1000     
                                              
             Setup:-     -45                  
     Required Time:=    2045                  
      Launch Clock:-    1000                  
         Data Path:-     158                  
             Slack:=     887                  

#--------------------------------------------------------------------------
# Delay Arrival Trans Fanout Load     Cell            Timing Point         
#  (ps)   (ps)   (ps)        (fF)                                          
#--------------------------------------------------------------------------
      0    1000     0      8    -  (arrival)    wdata_reg_6_/CLK           
    158    1158    26      8  0.0  SDFFARX1_RVT wdata_reg_6_/Q             
      0    1158     -      8    -  SRAM2RW128x8 fifomem/genblk1_2__U/I1[6] 
#--------------------------------------------------------------------------

(P) : Instance is preserved



Path 50: MET (887 ps) Setup Check with Pin fifomem/genblk1_2__U/CE1->I1[7]
          Group: wclk
     Startpoint: (R) wdata_reg_7_/CLK
          Clock: (R) wclk2x
       Endpoint: (R) fifomem/genblk1_2__U/I1[7]
          Clock: (R) wclk

                     Capture       Launch     
        Clock Edge:+    2000         1000     
       Src Latency:+       0            0     
       Net Latency:+       0 (I)        0 (I) 
           Arrival:=    2000         1000     
                                              
             Setup:-     -45                  
     Required Time:=    2045                  
      Launch Clock:-    1000                  
         Data Path:-     158                  
             Slack:=     887                  

#--------------------------------------------------------------------------
# Delay Arrival Trans Fanout Load     Cell            Timing Point         
#  (ps)   (ps)   (ps)        (fF)                                          
#--------------------------------------------------------------------------
      0    1000     0      8    -  (arrival)    wdata_reg_7_/CLK           
    158    1158    26      8  0.0  SDFFARX1_RVT wdata_reg_7_/Q             
      0    1158     -      8    -  SRAM2RW128x8 fifomem/genblk1_2__U/I1[7] 
#--------------------------------------------------------------------------

(P) : Instance is preserved



Path 51: MET (887 ps) Setup Check with Pin fifomem/genblk1_1__U/CE1->I1[0]
          Group: wclk
     Startpoint: (R) wdata_reg_0_/CLK
          Clock: (R) wclk2x
       Endpoint: (R) fifomem/genblk1_1__U/I1[0]
          Clock: (R) wclk

                     Capture       Launch     
        Clock Edge:+    2000         1000     
       Src Latency:+       0            0     
       Net Latency:+       0 (I)        0 (I) 
           Arrival:=    2000         1000     
                                              
             Setup:-     -45                  
     Required Time:=    2045                  
      Launch Clock:-    1000                  
         Data Path:-     158                  
             Slack:=     887                  

#--------------------------------------------------------------------------
# Delay Arrival Trans Fanout Load     Cell            Timing Point         
#  (ps)   (ps)   (ps)        (fF)                                          
#--------------------------------------------------------------------------
      0    1000     0      8    -  (arrival)    wdata_reg_0_/CLK           
    158    1158    26      8  0.0  SDFFARX1_RVT wdata_reg_0_/Q             
      0    1158     -      8    -  SRAM2RW128x8 fifomem/genblk1_1__U/I1[0] 
#--------------------------------------------------------------------------

(P) : Instance is preserved



Path 52: MET (887 ps) Setup Check with Pin fifomem/genblk1_1__U/CE1->I1[1]
          Group: wclk
     Startpoint: (R) wdata_reg_1_/CLK
          Clock: (R) wclk2x
       Endpoint: (R) fifomem/genblk1_1__U/I1[1]
          Clock: (R) wclk

                     Capture       Launch     
        Clock Edge:+    2000         1000     
       Src Latency:+       0            0     
       Net Latency:+       0 (I)        0 (I) 
           Arrival:=    2000         1000     
                                              
             Setup:-     -45                  
     Required Time:=    2045                  
      Launch Clock:-    1000                  
         Data Path:-     158                  
             Slack:=     887                  

#--------------------------------------------------------------------------
# Delay Arrival Trans Fanout Load     Cell            Timing Point         
#  (ps)   (ps)   (ps)        (fF)                                          
#--------------------------------------------------------------------------
      0    1000     0      8    -  (arrival)    wdata_reg_1_/CLK           
    158    1158    26      8  0.0  SDFFARX1_RVT wdata_reg_1_/Q             
      0    1158     -      8    -  SRAM2RW128x8 fifomem/genblk1_1__U/I1[1] 
#--------------------------------------------------------------------------

(P) : Instance is preserved



Path 53: MET (887 ps) Setup Check with Pin fifomem/genblk1_1__U/CE1->I1[2]
          Group: wclk
     Startpoint: (R) wdata_reg_2_/CLK
          Clock: (R) wclk2x
       Endpoint: (R) fifomem/genblk1_1__U/I1[2]
          Clock: (R) wclk

                     Capture       Launch     
        Clock Edge:+    2000         1000     
       Src Latency:+       0            0     
       Net Latency:+       0 (I)        0 (I) 
           Arrival:=    2000         1000     
                                              
             Setup:-     -45                  
     Required Time:=    2045                  
      Launch Clock:-    1000                  
         Data Path:-     158                  
             Slack:=     887                  

#--------------------------------------------------------------------------
# Delay Arrival Trans Fanout Load     Cell            Timing Point         
#  (ps)   (ps)   (ps)        (fF)                                          
#--------------------------------------------------------------------------
      0    1000     0      8    -  (arrival)    wdata_reg_2_/CLK           
    158    1158    26      8  0.0  SDFFARX1_RVT wdata_reg_2_/Q             
      0    1158     -      8    -  SRAM2RW128x8 fifomem/genblk1_1__U/I1[2] 
#--------------------------------------------------------------------------

(P) : Instance is preserved



Path 54: MET (887 ps) Setup Check with Pin fifomem/genblk1_1__U/CE1->I1[3]
          Group: wclk
     Startpoint: (R) wdata_reg_3_/CLK
          Clock: (R) wclk2x
       Endpoint: (R) fifomem/genblk1_1__U/I1[3]
          Clock: (R) wclk

                     Capture       Launch     
        Clock Edge:+    2000         1000     
       Src Latency:+       0            0     
       Net Latency:+       0 (I)        0 (I) 
           Arrival:=    2000         1000     
                                              
             Setup:-     -45                  
     Required Time:=    2045                  
      Launch Clock:-    1000                  
         Data Path:-     158                  
             Slack:=     887                  

#--------------------------------------------------------------------------
# Delay Arrival Trans Fanout Load     Cell            Timing Point         
#  (ps)   (ps)   (ps)        (fF)                                          
#--------------------------------------------------------------------------
      0    1000     0      8    -  (arrival)    wdata_reg_3_/CLK           
    158    1158    26      8  0.0  SDFFARX1_RVT wdata_reg_3_/Q             
      0    1158     -      8    -  SRAM2RW128x8 fifomem/genblk1_1__U/I1[3] 
#--------------------------------------------------------------------------

(P) : Instance is preserved



Path 55: MET (887 ps) Setup Check with Pin fifomem/genblk1_1__U/CE1->I1[4]
          Group: wclk
     Startpoint: (R) wdata_reg_4_/CLK
          Clock: (R) wclk2x
       Endpoint: (R) fifomem/genblk1_1__U/I1[4]
          Clock: (R) wclk

                     Capture       Launch     
        Clock Edge:+    2000         1000     
       Src Latency:+       0            0     
       Net Latency:+       0 (I)        0 (I) 
           Arrival:=    2000         1000     
                                              
             Setup:-     -45                  
     Required Time:=    2045                  
      Launch Clock:-    1000                  
         Data Path:-     158                  
             Slack:=     887                  

#--------------------------------------------------------------------------
# Delay Arrival Trans Fanout Load     Cell            Timing Point         
#  (ps)   (ps)   (ps)        (fF)                                          
#--------------------------------------------------------------------------
      0    1000     0      8    -  (arrival)    wdata_reg_4_/CLK           
    158    1158    26      8  0.0  SDFFARX1_RVT wdata_reg_4_/Q             
      0    1158     -      8    -  SRAM2RW128x8 fifomem/genblk1_1__U/I1[4] 
#--------------------------------------------------------------------------

(P) : Instance is preserved



Path 56: MET (887 ps) Setup Check with Pin fifomem/genblk1_1__U/CE1->I1[5]
          Group: wclk
     Startpoint: (R) wdata_reg_5_/CLK
          Clock: (R) wclk2x
       Endpoint: (R) fifomem/genblk1_1__U/I1[5]
          Clock: (R) wclk

                     Capture       Launch     
        Clock Edge:+    2000         1000     
       Src Latency:+       0            0     
       Net Latency:+       0 (I)        0 (I) 
           Arrival:=    2000         1000     
                                              
             Setup:-     -45                  
     Required Time:=    2045                  
      Launch Clock:-    1000                  
         Data Path:-     158                  
             Slack:=     887                  

#--------------------------------------------------------------------------
# Delay Arrival Trans Fanout Load     Cell            Timing Point         
#  (ps)   (ps)   (ps)        (fF)                                          
#--------------------------------------------------------------------------
      0    1000     0      8    -  (arrival)    wdata_reg_5_/CLK           
    158    1158    26      8  0.0  SDFFARX1_RVT wdata_reg_5_/Q             
      0    1158     -      8    -  SRAM2RW128x8 fifomem/genblk1_1__U/I1[5] 
#--------------------------------------------------------------------------

(P) : Instance is preserved



Path 57: MET (887 ps) Setup Check with Pin fifomem/genblk1_1__U/CE1->I1[6]
          Group: wclk
     Startpoint: (R) wdata_reg_6_/CLK
          Clock: (R) wclk2x
       Endpoint: (R) fifomem/genblk1_1__U/I1[6]
          Clock: (R) wclk

                     Capture       Launch     
        Clock Edge:+    2000         1000     
       Src Latency:+       0            0     
       Net Latency:+       0 (I)        0 (I) 
           Arrival:=    2000         1000     
                                              
             Setup:-     -45                  
     Required Time:=    2045                  
      Launch Clock:-    1000                  
         Data Path:-     158                  
             Slack:=     887                  

#--------------------------------------------------------------------------
# Delay Arrival Trans Fanout Load     Cell            Timing Point         
#  (ps)   (ps)   (ps)        (fF)                                          
#--------------------------------------------------------------------------
      0    1000     0      8    -  (arrival)    wdata_reg_6_/CLK           
    158    1158    26      8  0.0  SDFFARX1_RVT wdata_reg_6_/Q             
      0    1158     -      8    -  SRAM2RW128x8 fifomem/genblk1_1__U/I1[6] 
#--------------------------------------------------------------------------

(P) : Instance is preserved



Path 58: MET (887 ps) Setup Check with Pin fifomem/genblk1_1__U/CE1->I1[7]
          Group: wclk
     Startpoint: (R) wdata_reg_7_/CLK
          Clock: (R) wclk2x
       Endpoint: (R) fifomem/genblk1_1__U/I1[7]
          Clock: (R) wclk

                     Capture       Launch     
        Clock Edge:+    2000         1000     
       Src Latency:+       0            0     
       Net Latency:+       0 (I)        0 (I) 
           Arrival:=    2000         1000     
                                              
             Setup:-     -45                  
     Required Time:=    2045                  
      Launch Clock:-    1000                  
         Data Path:-     158                  
             Slack:=     887                  

#--------------------------------------------------------------------------
# Delay Arrival Trans Fanout Load     Cell            Timing Point         
#  (ps)   (ps)   (ps)        (fF)                                          
#--------------------------------------------------------------------------
      0    1000     0      8    -  (arrival)    wdata_reg_7_/CLK           
    158    1158    26      8  0.0  SDFFARX1_RVT wdata_reg_7_/Q             
      0    1158     -      8    -  SRAM2RW128x8 fifomem/genblk1_1__U/I1[7] 
#--------------------------------------------------------------------------

(P) : Instance is preserved



Path 59: MET (887 ps) Setup Check with Pin fifomem/genblk1_0__U/CE1->I1[0]
          Group: wclk
     Startpoint: (R) wdata_reg_0_/CLK
          Clock: (R) wclk2x
       Endpoint: (R) fifomem/genblk1_0__U/I1[0]
          Clock: (R) wclk

                     Capture       Launch     
        Clock Edge:+    2000         1000     
       Src Latency:+       0            0     
       Net Latency:+       0 (I)        0 (I) 
           Arrival:=    2000         1000     
                                              
             Setup:-     -45                  
     Required Time:=    2045                  
      Launch Clock:-    1000                  
         Data Path:-     158                  
             Slack:=     887                  

#--------------------------------------------------------------------------
# Delay Arrival Trans Fanout Load     Cell            Timing Point         
#  (ps)   (ps)   (ps)        (fF)                                          
#--------------------------------------------------------------------------
      0    1000     0      8    -  (arrival)    wdata_reg_0_/CLK           
    158    1158    26      8  0.0  SDFFARX1_RVT wdata_reg_0_/Q             
      0    1158     -      8    -  SRAM2RW128x8 fifomem/genblk1_0__U/I1[0] 
#--------------------------------------------------------------------------

(P) : Instance is preserved



Path 60: MET (887 ps) Setup Check with Pin fifomem/genblk1_0__U/CE1->I1[1]
          Group: wclk
     Startpoint: (R) wdata_reg_1_/CLK
          Clock: (R) wclk2x
       Endpoint: (R) fifomem/genblk1_0__U/I1[1]
          Clock: (R) wclk

                     Capture       Launch     
        Clock Edge:+    2000         1000     
       Src Latency:+       0            0     
       Net Latency:+       0 (I)        0 (I) 
           Arrival:=    2000         1000     
                                              
             Setup:-     -45                  
     Required Time:=    2045                  
      Launch Clock:-    1000                  
         Data Path:-     158                  
             Slack:=     887                  

#--------------------------------------------------------------------------
# Delay Arrival Trans Fanout Load     Cell            Timing Point         
#  (ps)   (ps)   (ps)        (fF)                                          
#--------------------------------------------------------------------------
      0    1000     0      8    -  (arrival)    wdata_reg_1_/CLK           
    158    1158    26      8  0.0  SDFFARX1_RVT wdata_reg_1_/Q             
      0    1158     -      8    -  SRAM2RW128x8 fifomem/genblk1_0__U/I1[1] 
#--------------------------------------------------------------------------

(P) : Instance is preserved



Path 61: MET (887 ps) Setup Check with Pin fifomem/genblk1_0__U/CE1->I1[2]
          Group: wclk
     Startpoint: (R) wdata_reg_2_/CLK
          Clock: (R) wclk2x
       Endpoint: (R) fifomem/genblk1_0__U/I1[2]
          Clock: (R) wclk

                     Capture       Launch     
        Clock Edge:+    2000         1000     
       Src Latency:+       0            0     
       Net Latency:+       0 (I)        0 (I) 
           Arrival:=    2000         1000     
                                              
             Setup:-     -45                  
     Required Time:=    2045                  
      Launch Clock:-    1000                  
         Data Path:-     158                  
             Slack:=     887                  

#--------------------------------------------------------------------------
# Delay Arrival Trans Fanout Load     Cell            Timing Point         
#  (ps)   (ps)   (ps)        (fF)                                          
#--------------------------------------------------------------------------
      0    1000     0      8    -  (arrival)    wdata_reg_2_/CLK           
    158    1158    26      8  0.0  SDFFARX1_RVT wdata_reg_2_/Q             
      0    1158     -      8    -  SRAM2RW128x8 fifomem/genblk1_0__U/I1[2] 
#--------------------------------------------------------------------------

(P) : Instance is preserved



Path 62: MET (887 ps) Setup Check with Pin fifomem/genblk1_0__U/CE1->I1[3]
          Group: wclk
     Startpoint: (R) wdata_reg_3_/CLK
          Clock: (R) wclk2x
       Endpoint: (R) fifomem/genblk1_0__U/I1[3]
          Clock: (R) wclk

                     Capture       Launch     
        Clock Edge:+    2000         1000     
       Src Latency:+       0            0     
       Net Latency:+       0 (I)        0 (I) 
           Arrival:=    2000         1000     
                                              
             Setup:-     -45                  
     Required Time:=    2045                  
      Launch Clock:-    1000                  
         Data Path:-     158                  
             Slack:=     887                  

#--------------------------------------------------------------------------
# Delay Arrival Trans Fanout Load     Cell            Timing Point         
#  (ps)   (ps)   (ps)        (fF)                                          
#--------------------------------------------------------------------------
      0    1000     0      8    -  (arrival)    wdata_reg_3_/CLK           
    158    1158    26      8  0.0  SDFFARX1_RVT wdata_reg_3_/Q             
      0    1158     -      8    -  SRAM2RW128x8 fifomem/genblk1_0__U/I1[3] 
#--------------------------------------------------------------------------

(P) : Instance is preserved



Path 63: MET (887 ps) Setup Check with Pin fifomem/genblk1_0__U/CE1->I1[4]
          Group: wclk
     Startpoint: (R) wdata_reg_4_/CLK
          Clock: (R) wclk2x
       Endpoint: (R) fifomem/genblk1_0__U/I1[4]
          Clock: (R) wclk

                     Capture       Launch     
        Clock Edge:+    2000         1000     
       Src Latency:+       0            0     
       Net Latency:+       0 (I)        0 (I) 
           Arrival:=    2000         1000     
                                              
             Setup:-     -45                  
     Required Time:=    2045                  
      Launch Clock:-    1000                  
         Data Path:-     158                  
             Slack:=     887                  

#--------------------------------------------------------------------------
# Delay Arrival Trans Fanout Load     Cell            Timing Point         
#  (ps)   (ps)   (ps)        (fF)                                          
#--------------------------------------------------------------------------
      0    1000     0      8    -  (arrival)    wdata_reg_4_/CLK           
    158    1158    26      8  0.0  SDFFARX1_RVT wdata_reg_4_/Q             
      0    1158     -      8    -  SRAM2RW128x8 fifomem/genblk1_0__U/I1[4] 
#--------------------------------------------------------------------------

(P) : Instance is preserved



Path 64: MET (887 ps) Setup Check with Pin fifomem/genblk1_0__U/CE1->I1[5]
          Group: wclk
     Startpoint: (R) wdata_reg_5_/CLK
          Clock: (R) wclk2x
       Endpoint: (R) fifomem/genblk1_0__U/I1[5]
          Clock: (R) wclk

                     Capture       Launch     
        Clock Edge:+    2000         1000     
       Src Latency:+       0            0     
       Net Latency:+       0 (I)        0 (I) 
           Arrival:=    2000         1000     
                                              
             Setup:-     -45                  
     Required Time:=    2045                  
      Launch Clock:-    1000                  
         Data Path:-     158                  
             Slack:=     887                  

#--------------------------------------------------------------------------
# Delay Arrival Trans Fanout Load     Cell            Timing Point         
#  (ps)   (ps)   (ps)        (fF)                                          
#--------------------------------------------------------------------------
      0    1000     0      8    -  (arrival)    wdata_reg_5_/CLK           
    158    1158    26      8  0.0  SDFFARX1_RVT wdata_reg_5_/Q             
      0    1158     -      8    -  SRAM2RW128x8 fifomem/genblk1_0__U/I1[5] 
#--------------------------------------------------------------------------

(P) : Instance is preserved



Path 65: MET (887 ps) Setup Check with Pin fifomem/genblk1_0__U/CE1->I1[6]
          Group: wclk
     Startpoint: (R) wdata_reg_6_/CLK
          Clock: (R) wclk2x
       Endpoint: (R) fifomem/genblk1_0__U/I1[6]
          Clock: (R) wclk

                     Capture       Launch     
        Clock Edge:+    2000         1000     
       Src Latency:+       0            0     
       Net Latency:+       0 (I)        0 (I) 
           Arrival:=    2000         1000     
                                              
             Setup:-     -45                  
     Required Time:=    2045                  
      Launch Clock:-    1000                  
         Data Path:-     158                  
             Slack:=     887                  

#--------------------------------------------------------------------------
# Delay Arrival Trans Fanout Load     Cell            Timing Point         
#  (ps)   (ps)   (ps)        (fF)                                          
#--------------------------------------------------------------------------
      0    1000     0      8    -  (arrival)    wdata_reg_6_/CLK           
    158    1158    26      8  0.0  SDFFARX1_RVT wdata_reg_6_/Q             
      0    1158     -      8    -  SRAM2RW128x8 fifomem/genblk1_0__U/I1[6] 
#--------------------------------------------------------------------------

(P) : Instance is preserved



Path 66: MET (887 ps) Setup Check with Pin fifomem/genblk1_0__U/CE1->I1[7]
          Group: wclk
     Startpoint: (R) wdata_reg_7_/CLK
          Clock: (R) wclk2x
       Endpoint: (R) fifomem/genblk1_0__U/I1[7]
          Clock: (R) wclk

                     Capture       Launch     
        Clock Edge:+    2000         1000     
       Src Latency:+       0            0     
       Net Latency:+       0 (I)        0 (I) 
           Arrival:=    2000         1000     
                                              
             Setup:-     -45                  
     Required Time:=    2045                  
      Launch Clock:-    1000                  
         Data Path:-     158                  
             Slack:=     887                  

#--------------------------------------------------------------------------
# Delay Arrival Trans Fanout Load     Cell            Timing Point         
#  (ps)   (ps)   (ps)        (fF)                                          
#--------------------------------------------------------------------------
      0    1000     0      8    -  (arrival)    wdata_reg_7_/CLK           
    158    1158    26      8  0.0  SDFFARX1_RVT wdata_reg_7_/Q             
      0    1158     -      8    -  SRAM2RW128x8 fifomem/genblk1_0__U/I1[7] 
#--------------------------------------------------------------------------

(P) : Instance is preserved



Path 67: MET (918 ps) Setup Check with Pin rptr_empty/rptr_reg_6_/CLK->D
          Group: rclk
     Startpoint: (R) rptr_empty/rempty_reg/CLK
          Clock: (R) rclk
       Endpoint: (R) rptr_empty/rptr_reg_6_/D
          Clock: (R) rclk

                     Capture       Launch     
        Clock Edge:+    2000            0     
       Src Latency:+       0            0     
       Net Latency:+       0 (I)        0 (I) 
           Arrival:=    2000            0     
                                              
             Setup:-     132                  
     Required Time:=    1868                  
      Launch Clock:-       0                  
         Data Path:-     950                  
             Slack:=     918                  

#-------------------------------------------------------------------------
# Delay Arrival Trans Fanout Load     Cell            Timing Point        
#  (ps)   (ps)   (ps)        (fF)                                         
#-------------------------------------------------------------------------
      0       0     0     52    -  (arrival)    rptr_empty/rempty_reg/CLK 
    166     166    36      2  1.5  SDFFASX1_RVT rptr_empty/rempty_reg/Q   
     24     190    23      1  0.6  INVX1_RVT    rptr_empty/g503/Y         
     50     240    36      1  1.0  AND2X1_RVT   rptr_empty/g501__4319/Y   
     63     303    31      1  1.0  HADDX1_RVT   rptr_empty/g500__6260/C1  
     66     369    35      2  1.5  HADDX1_RVT   rptr_empty/g499__5107/C1  
     68     437    36      2  1.5  AND3X1_RVT   rptr_empty/g498__2398/Y   
     63     500    31      1  1.0  HADDX1_RVT   rptr_empty/g492__1666/C1  
     62     562    31      1  1.0  HADDX1_RVT   rptr_empty/g483__9945/C1  
     62     624    31      1  1.0  HADDX1_RVT   rptr_empty/g474__9315/C1  
    167     790    58      3  2.5  HADDX1_HVT   rptr_empty/g513__2802/SO  
    159     950    44      2  1.7  HADDX1_HVT   rptr_empty/g529__7482/SO  
      0     950     -      2    -  SDFFARX1_RVT rptr_empty/rptr_reg_6_/D  
#-------------------------------------------------------------------------



Path 68: MET (918 ps) Setup Check with Pin rptr_empty/rptr_reg_7_/CLK->D
          Group: rclk
     Startpoint: (R) rptr_empty/rempty_reg/CLK
          Clock: (R) rclk
       Endpoint: (R) rptr_empty/rptr_reg_7_/D
          Clock: (R) rclk

                     Capture       Launch     
        Clock Edge:+    2000            0     
       Src Latency:+       0            0     
       Net Latency:+       0 (I)        0 (I) 
           Arrival:=    2000            0     
                                              
             Setup:-     132                  
     Required Time:=    1868                  
      Launch Clock:-       0                  
         Data Path:-     950                  
             Slack:=     918                  

#-------------------------------------------------------------------------
# Delay Arrival Trans Fanout Load     Cell            Timing Point        
#  (ps)   (ps)   (ps)        (fF)                                         
#-------------------------------------------------------------------------
      0       0     0     52    -  (arrival)    rptr_empty/rempty_reg/CLK 
    166     166    36      2  1.5  SDFFASX1_RVT rptr_empty/rempty_reg/Q   
     24     190    23      1  0.6  INVX1_RVT    rptr_empty/g503/Y         
     50     240    36      1  1.0  AND2X1_RVT   rptr_empty/g501__4319/Y   
     63     303    31      1  1.0  HADDX1_RVT   rptr_empty/g500__6260/C1  
     66     369    35      2  1.5  HADDX1_RVT   rptr_empty/g499__5107/C1  
     68     437    36      2  1.5  AND3X1_RVT   rptr_empty/g498__2398/Y   
     63     500    31      1  1.0  HADDX1_RVT   rptr_empty/g492__1666/C1  
     62     562    31      1  1.0  HADDX1_RVT   rptr_empty/g483__9945/C1  
     62     624    31      1  1.0  HADDX1_RVT   rptr_empty/g474__9315/C1  
    167     790    58      3  2.5  HADDX1_HVT   rptr_empty/g513__2802/SO  
    159     950    44      2  1.7  HADDX1_HVT   rptr_empty/g527__5115/SO  
      0     950     -      2    -  SDFFARX1_RVT rptr_empty/rptr_reg_7_/D  
#-------------------------------------------------------------------------



Path 69: MET (920 ps) Setup Check with Pin wptr_full/wptr_reg_6_/CLK->D
          Group: wclk
     Startpoint: (R) wptr_full/wfull_reg/CLK
          Clock: (R) wclk
       Endpoint: (R) wptr_full/wptr_reg_6_/D
          Clock: (R) wclk

                     Capture       Launch     
        Clock Edge:+    2000            0     
       Src Latency:+       0            0     
       Net Latency:+       0 (I)        0 (I) 
           Arrival:=    2000            0     
                                              
             Setup:-     132                  
     Required Time:=    1868                  
      Launch Clock:-       0                  
         Data Path:-     947                  
             Slack:=     920                  

#-----------------------------------------------------------------------
# Delay Arrival Trans Fanout Load     Cell           Timing Point       
#  (ps)   (ps)   (ps)        (fF)                                       
#-----------------------------------------------------------------------
      0       0     0     52    -  (arrival)    wptr_full/wfull_reg/CLK 
    164     164    35      2  1.5  SDFFARX1_RVT wptr_full/wfull_reg/Q   
     24     188    23      1  0.6  INVX1_RVT    wptr_full/g510/Y        
     50     237    36      1  1.0  AND2X1_RVT   wptr_full/g508__5115/Y  
     63     300    31      1  1.0  HADDX1_RVT   wptr_full/g507__1881/C1 
     66     366    35      2  1.5  HADDX1_RVT   wptr_full/g506__6131/C1 
     68     434    36      2  1.5  AND3X1_RVT   wptr_full/g505__7098/Y  
     63     498    31      1  1.0  HADDX1_RVT   wptr_full/g499__2802/C1 
     62     559    31      1  1.0  HADDX1_RVT   wptr_full/g490__6783/C1 
     62     621    31      1  1.0  HADDX1_RVT   wptr_full/g481__5526/C1 
    167     788    58      3  2.5  HADDX1_HVT   wptr_full/g520__2883/SO 
    159     947    44      3  1.7  HADDX1_HVT   wptr_full/g536__6260/SO 
      0     947     -      3    -  SDFFARX1_RVT wptr_full/wptr_reg_6_/D 
#-----------------------------------------------------------------------



Path 70: MET (920 ps) Setup Check with Pin wptr_full/wptr_reg_7_/CLK->D
          Group: wclk
     Startpoint: (R) wptr_full/wfull_reg/CLK
          Clock: (R) wclk
       Endpoint: (R) wptr_full/wptr_reg_7_/D
          Clock: (R) wclk

                     Capture       Launch     
        Clock Edge:+    2000            0     
       Src Latency:+       0            0     
       Net Latency:+       0 (I)        0 (I) 
           Arrival:=    2000            0     
                                              
             Setup:-     132                  
     Required Time:=    1868                  
      Launch Clock:-       0                  
         Data Path:-     947                  
             Slack:=     920                  

#-----------------------------------------------------------------------
# Delay Arrival Trans Fanout Load     Cell           Timing Point       
#  (ps)   (ps)   (ps)        (fF)                                       
#-----------------------------------------------------------------------
      0       0     0     52    -  (arrival)    wptr_full/wfull_reg/CLK 
    164     164    35      2  1.5  SDFFARX1_RVT wptr_full/wfull_reg/Q   
     24     188    23      1  0.6  INVX1_RVT    wptr_full/g510/Y        
     50     237    36      1  1.0  AND2X1_RVT   wptr_full/g508__5115/Y  
     63     300    31      1  1.0  HADDX1_RVT   wptr_full/g507__1881/C1 
     66     366    35      2  1.5  HADDX1_RVT   wptr_full/g506__6131/C1 
     68     434    36      2  1.5  AND3X1_RVT   wptr_full/g505__7098/Y  
     63     498    31      1  1.0  HADDX1_RVT   wptr_full/g499__2802/C1 
     62     559    31      1  1.0  HADDX1_RVT   wptr_full/g490__6783/C1 
     62     621    31      1  1.0  HADDX1_RVT   wptr_full/g481__5526/C1 
    167     788    58      3  2.5  HADDX1_HVT   wptr_full/g520__2883/SO 
    159     947    44      3  1.7  HADDX1_HVT   wptr_full/g534__5107/SO 
      0     947     -      3    -  SDFFARX1_RVT wptr_full/wptr_reg_7_/D 
#-----------------------------------------------------------------------



Path 71: MET (952 ps) Setup Check with Pin rptr_empty/rptr_reg_9_/CLK->D
          Group: rclk
     Startpoint: (R) rptr_empty/rempty_reg/CLK
          Clock: (R) rclk
       Endpoint: (R) rptr_empty/rptr_reg_9_/D
          Clock: (R) rclk

                     Capture       Launch     
        Clock Edge:+    2000            0     
       Src Latency:+       0            0     
       Net Latency:+       0 (I)        0 (I) 
           Arrival:=    2000            0     
                                              
             Setup:-     133                  
     Required Time:=    1867                  
      Launch Clock:-       0                  
         Data Path:-     916                  
             Slack:=     952                  

#-------------------------------------------------------------------------
# Delay Arrival Trans Fanout Load     Cell            Timing Point        
#  (ps)   (ps)   (ps)        (fF)                                         
#-------------------------------------------------------------------------
      0       0     0     52    -  (arrival)    rptr_empty/rempty_reg/CLK 
    166     166    36      2  1.5  SDFFASX1_RVT rptr_empty/rempty_reg/Q   
     24     190    23      1  0.6  INVX1_RVT    rptr_empty/g503/Y         
     50     240    36      1  1.0  AND2X1_RVT   rptr_empty/g501__4319/Y   
     63     303    31      1  1.0  HADDX1_RVT   rptr_empty/g500__6260/C1  
     66     369    35      2  1.5  HADDX1_RVT   rptr_empty/g499__5107/C1  
     68     437    36      2  1.5  AND3X1_RVT   rptr_empty/g498__2398/Y   
     84     521    44      2  1.6  AND4X1_RVT   rptr_empty/g496__5477/Y   
     66     587    32      1  1.0  HADDX1_RVT   rptr_empty/g488__2883/C1  
    167     754    59      3  2.5  HADDX1_HVT   rptr_empty/g521__7098/SO  
    162     916    45      3  1.9  HADDX1_HVT   rptr_empty/g519__8246/SO  
      0     916     -      3    -  SDFFARX1_RVT rptr_empty/rptr_reg_9_/D  
#-------------------------------------------------------------------------



Path 72: MET (953 ps) Setup Check with Pin rptr_empty/rptr_reg_8_/CLK->D
          Group: rclk
     Startpoint: (R) rptr_empty/rempty_reg/CLK
          Clock: (R) rclk
       Endpoint: (R) rptr_empty/rptr_reg_8_/D
          Clock: (R) rclk

                     Capture       Launch     
        Clock Edge:+    2000            0     
       Src Latency:+       0            0     
       Net Latency:+       0 (I)        0 (I) 
           Arrival:=    2000            0     
                                              
             Setup:-     132                  
     Required Time:=    1868                  
      Launch Clock:-       0                  
         Data Path:-     915                  
             Slack:=     953                  

#-------------------------------------------------------------------------
# Delay Arrival Trans Fanout Load     Cell            Timing Point        
#  (ps)   (ps)   (ps)        (fF)                                         
#-------------------------------------------------------------------------
      0       0     0     52    -  (arrival)    rptr_empty/rempty_reg/CLK 
    166     166    36      2  1.5  SDFFASX1_RVT rptr_empty/rempty_reg/Q   
     24     190    23      1  0.6  INVX1_RVT    rptr_empty/g503/Y         
     50     240    36      1  1.0  AND2X1_RVT   rptr_empty/g501__4319/Y   
     63     303    31      1  1.0  HADDX1_RVT   rptr_empty/g500__6260/C1  
     66     369    35      2  1.5  HADDX1_RVT   rptr_empty/g499__5107/C1  
     68     437    36      2  1.5  AND3X1_RVT   rptr_empty/g498__2398/Y   
     84     521    44      2  1.6  AND4X1_RVT   rptr_empty/g496__5477/Y   
     66     587    32      1  1.0  HADDX1_RVT   rptr_empty/g488__2883/C1  
    167     754    59      3  2.5  HADDX1_HVT   rptr_empty/g521__7098/SO  
    161     915    44      3  1.8  HADDX1_HVT   rptr_empty/g515__1705/SO  
      0     915     -      3    -  SDFFARX1_RVT rptr_empty/rptr_reg_8_/D  
#-------------------------------------------------------------------------



Path 73: MET (956 ps) Setup Check with Pin wptr_full/wptr_reg_9_/CLK->D
          Group: wclk
     Startpoint: (R) wptr_full/wfull_reg/CLK
          Clock: (R) wclk
       Endpoint: (R) wptr_full/wptr_reg_9_/D
          Clock: (R) wclk

                     Capture       Launch     
        Clock Edge:+    2000            0     
       Src Latency:+       0            0     
       Net Latency:+       0 (I)        0 (I) 
           Arrival:=    2000            0     
                                              
             Setup:-     132                  
     Required Time:=    1868                  
      Launch Clock:-       0                  
         Data Path:-     911                  
             Slack:=     956                  

#-----------------------------------------------------------------------
# Delay Arrival Trans Fanout Load     Cell           Timing Point       
#  (ps)   (ps)   (ps)        (fF)                                       
#-----------------------------------------------------------------------
      0       0     0     52    -  (arrival)    wptr_full/wfull_reg/CLK 
    164     164    35      2  1.5  SDFFARX1_RVT wptr_full/wfull_reg/Q   
     24     188    23      1  0.6  INVX1_RVT    wptr_full/g510/Y        
     50     237    36      1  1.0  AND2X1_RVT   wptr_full/g508__5115/Y  
     63     300    31      1  1.0  HADDX1_RVT   wptr_full/g507__1881/C1 
     66     366    35      2  1.5  HADDX1_RVT   wptr_full/g506__6131/C1 
     68     434    36      2  1.5  AND3X1_RVT   wptr_full/g505__7098/Y  
     84     519    44      2  1.6  AND4X1_RVT   wptr_full/g503__8246/Y  
     66     584    32      1  1.0  HADDX1_RVT   wptr_full/g495__3680/C1 
    167     752    59      3  2.5  HADDX1_HVT   wptr_full/g528__6417/SO 
    160     911    44      3  1.7  HADDX1_HVT   wptr_full/g526__7410/SO 
      0     911     -      3    -  SDFFARX1_RVT wptr_full/wptr_reg_9_/D 
#-----------------------------------------------------------------------



Path 74: MET (956 ps) Setup Check with Pin wptr_full/wptr_reg_8_/CLK->D
          Group: wclk
     Startpoint: (R) wptr_full/wfull_reg/CLK
          Clock: (R) wclk
       Endpoint: (R) wptr_full/wptr_reg_8_/D
          Clock: (R) wclk

                     Capture       Launch     
        Clock Edge:+    2000            0     
       Src Latency:+       0            0     
       Net Latency:+       0 (I)        0 (I) 
           Arrival:=    2000            0     
                                              
             Setup:-     132                  
     Required Time:=    1868                  
      Launch Clock:-       0                  
         Data Path:-     911                  
             Slack:=     956                  

#-----------------------------------------------------------------------
# Delay Arrival Trans Fanout Load     Cell           Timing Point       
#  (ps)   (ps)   (ps)        (fF)                                       
#-----------------------------------------------------------------------
      0       0     0     52    -  (arrival)    wptr_full/wfull_reg/CLK 
    164     164    35      2  1.5  SDFFARX1_RVT wptr_full/wfull_reg/Q   
     24     188    23      1  0.6  INVX1_RVT    wptr_full/g510/Y        
     50     237    36      1  1.0  AND2X1_RVT   wptr_full/g508__5115/Y  
     63     300    31      1  1.0  HADDX1_RVT   wptr_full/g507__1881/C1 
     66     366    35      2  1.5  HADDX1_RVT   wptr_full/g506__6131/C1 
     68     434    36      2  1.5  AND3X1_RVT   wptr_full/g505__7098/Y  
     84     519    44      2  1.6  AND4X1_RVT   wptr_full/g503__8246/Y  
     66     584    32      1  1.0  HADDX1_RVT   wptr_full/g495__3680/C1 
    167     752    59      3  2.5  HADDX1_HVT   wptr_full/g528__6417/SO 
    160     911    44      2  1.7  HADDX1_HVT   wptr_full/g524__1666/SO 
      0     911     -      2    -  SDFFARX1_RVT wptr_full/wptr_reg_8_/D 
#-----------------------------------------------------------------------



Path 75: MET (1040 ps) Setup Check with Pin wptr_full/wptr_reg_5_/CLK->D
          Group: wclk
     Startpoint: (R) wptr_full/wfull_reg/CLK
          Clock: (R) wclk
       Endpoint: (F) wptr_full/wptr_reg_5_/D
          Clock: (R) wclk

                     Capture       Launch     
        Clock Edge:+    2000            0     
       Src Latency:+       0            0     
       Net Latency:+       0 (I)        0 (I) 
           Arrival:=    2000            0     
                                              
             Setup:-     127                  
     Required Time:=    1873                  
      Launch Clock:-       0                  
         Data Path:-     833                  
             Slack:=    1040                  

#-----------------------------------------------------------------------
# Delay Arrival Trans Fanout Load     Cell           Timing Point       
#  (ps)   (ps)   (ps)        (fF)                                       
#-----------------------------------------------------------------------
      0       0     0     52    -  (arrival)    wptr_full/wfull_reg/CLK 
    172     172    38      2  1.5  SDFFARX1_RVT wptr_full/wfull_reg/Q   
     20     191    24      1  0.6  INVX1_RVT    wptr_full/g510/Y        
     50     242    41      1  1.0  AND2X1_RVT   wptr_full/g508__5115/Y  
     64     305    28      1  1.0  HADDX1_RVT   wptr_full/g507__1881/C1 
     62     367    32      2  1.5  HADDX1_RVT   wptr_full/g506__6131/C1 
     69     436    35      2  1.5  AND3X1_RVT   wptr_full/g505__7098/Y  
     61     497    28      1  1.0  HADDX1_RVT   wptr_full/g499__2802/C1 
     58     555    28      1  1.0  HADDX1_RVT   wptr_full/g490__6783/C1 
    112     666    40      3  2.5  HADDX1_RVT   wptr_full/g481__5526/SO 
    166     833    52      3  1.9  HADDX1_HVT   wptr_full/g522__2346/SO 
      0     833     -      3    -  SDFFARX1_RVT wptr_full/wptr_reg_5_/D 
#-----------------------------------------------------------------------



Path 76: MET (1041 ps) Setup Check with Pin rptr_empty/rptr_reg_5_/CLK->D
          Group: rclk
     Startpoint: (R) rptr_empty/rempty_reg/CLK
          Clock: (R) rclk
       Endpoint: (R) rptr_empty/rptr_reg_5_/D
          Clock: (R) rclk

                     Capture       Launch     
        Clock Edge:+    2000            0     
       Src Latency:+       0            0     
       Net Latency:+       0 (I)        0 (I) 
           Arrival:=    2000            0     
                                              
             Setup:-     132                  
     Required Time:=    1868                  
      Launch Clock:-       0                  
         Data Path:-     826                  
             Slack:=    1041                  

#-------------------------------------------------------------------------
# Delay Arrival Trans Fanout Load     Cell            Timing Point        
#  (ps)   (ps)   (ps)        (fF)                                         
#-------------------------------------------------------------------------
      0       0     0     52    -  (arrival)    rptr_empty/rempty_reg/CLK 
    166     166    36      2  1.5  SDFFASX1_RVT rptr_empty/rempty_reg/Q   
     24     190    23      1  0.6  INVX1_RVT    rptr_empty/g503/Y         
     50     240    36      1  1.0  AND2X1_RVT   rptr_empty/g501__4319/Y   
     63     303    31      1  1.0  HADDX1_RVT   rptr_empty/g500__6260/C1  
     66     369    35      2  1.5  HADDX1_RVT   rptr_empty/g499__5107/C1  
     68     437    36      2  1.5  AND3X1_RVT   rptr_empty/g498__2398/Y   
     63     500    31      1  1.0  HADDX1_RVT   rptr_empty/g492__1666/C1  
     62     562    31      1  1.0  HADDX1_RVT   rptr_empty/g483__9945/C1  
    113     674    45      3  2.5  HADDX1_RVT   rptr_empty/g474__9315/SO  
    152     826    44      2  1.7  HADDX1_HVT   rptr_empty/g517__5122/SO  
      0     826     -      2    -  SDFFARX1_RVT rptr_empty/rptr_reg_5_/D  
#-------------------------------------------------------------------------



Path 77: MET (1080 ps) Setup Check with Pin rptr_empty/rbin_reg_7_/CLK->D
          Group: rclk
     Startpoint: (R) rptr_empty/rempty_reg/CLK
          Clock: (R) rclk
       Endpoint: (F) rptr_empty/rbin_reg_7_/D
          Clock: (R) rclk

                     Capture       Launch     
        Clock Edge:+    2000            0     
       Src Latency:+       0            0     
       Net Latency:+       0 (I)        0 (I) 
           Arrival:=    2000            0     
                                              
             Setup:-     130                  
     Required Time:=    1870                  
      Launch Clock:-       0                  
         Data Path:-     790                  
             Slack:=    1080                  

#-------------------------------------------------------------------------
# Delay Arrival Trans Fanout Load     Cell            Timing Point        
#  (ps)   (ps)   (ps)        (fF)                                         
#-------------------------------------------------------------------------
      0       0     0     52    -  (arrival)    rptr_empty/rempty_reg/CLK 
    166     166    36      2  1.5  SDFFASX1_RVT rptr_empty/rempty_reg/Q   
     24     190    23      1  0.6  INVX1_RVT    rptr_empty/g503/Y         
     50     240    36      1  1.0  AND2X1_RVT   rptr_empty/g501__4319/Y   
     63     303    31      1  1.0  HADDX1_RVT   rptr_empty/g500__6260/C1  
     66     369    35      2  1.5  HADDX1_RVT   rptr_empty/g499__5107/C1  
     68     437    36      2  1.5  AND3X1_RVT   rptr_empty/g498__2398/Y   
     63     500    31      1  1.0  HADDX1_RVT   rptr_empty/g492__1666/C1  
     62     562    31      1  1.0  HADDX1_RVT   rptr_empty/g483__9945/C1  
     62     624    31      1  1.0  HADDX1_RVT   rptr_empty/g474__9315/C1  
    167     790    58      3  2.5  HADDX1_HVT   rptr_empty/g513__2802/SO  
      0     790     -      3    -  SDFFARX1_RVT rptr_empty/rbin_reg_7_/D  
#-------------------------------------------------------------------------



Path 78: MET (1082 ps) Setup Check with Pin wptr_full/wbin_reg_7_/CLK->D
          Group: wclk
     Startpoint: (R) wptr_full/wfull_reg/CLK
          Clock: (R) wclk
       Endpoint: (F) wptr_full/wbin_reg_7_/D
          Clock: (R) wclk

                     Capture       Launch     
        Clock Edge:+    2000            0     
       Src Latency:+       0            0     
       Net Latency:+       0 (I)        0 (I) 
           Arrival:=    2000            0     
                                              
             Setup:-     130                  
     Required Time:=    1870                  
      Launch Clock:-       0                  
         Data Path:-     788                  
             Slack:=    1082                  

#-----------------------------------------------------------------------
# Delay Arrival Trans Fanout Load     Cell           Timing Point       
#  (ps)   (ps)   (ps)        (fF)                                       
#-----------------------------------------------------------------------
      0       0     0     52    -  (arrival)    wptr_full/wfull_reg/CLK 
    164     164    35      2  1.5  SDFFARX1_RVT wptr_full/wfull_reg/Q   
     24     188    23      1  0.6  INVX1_RVT    wptr_full/g510/Y        
     50     237    36      1  1.0  AND2X1_RVT   wptr_full/g508__5115/Y  
     63     300    31      1  1.0  HADDX1_RVT   wptr_full/g507__1881/C1 
     66     366    35      2  1.5  HADDX1_RVT   wptr_full/g506__6131/C1 
     68     434    36      2  1.5  AND3X1_RVT   wptr_full/g505__7098/Y  
     63     498    31      1  1.0  HADDX1_RVT   wptr_full/g499__2802/C1 
     62     559    31      1  1.0  HADDX1_RVT   wptr_full/g490__6783/C1 
     62     621    31      1  1.0  HADDX1_RVT   wptr_full/g481__5526/C1 
    167     788    58      3  2.5  HADDX1_HVT   wptr_full/g520__2883/SO 
      0     788     -      3    -  SDFFARX1_RVT wptr_full/wbin_reg_7_/D 
#-----------------------------------------------------------------------



Path 79: MET (1100 ps) Setup Check with Pin wptr_full/wptr_reg_4_/CLK->D
          Group: wclk
     Startpoint: (R) wptr_full/wfull_reg/CLK
          Clock: (R) wclk
       Endpoint: (F) wptr_full/wptr_reg_4_/D
          Clock: (R) wclk

                     Capture       Launch     
        Clock Edge:+    2000            0     
       Src Latency:+       0            0     
       Net Latency:+       0 (I)        0 (I) 
           Arrival:=    2000            0     
                                              
             Setup:-     126                  
     Required Time:=    1874                  
      Launch Clock:-       0                  
         Data Path:-     773                  
             Slack:=    1100                  

#-----------------------------------------------------------------------
# Delay Arrival Trans Fanout Load     Cell           Timing Point       
#  (ps)   (ps)   (ps)        (fF)                                       
#-----------------------------------------------------------------------
      0       0     0     52    -  (arrival)    wptr_full/wfull_reg/CLK 
    172     172    38      2  1.5  SDFFARX1_RVT wptr_full/wfull_reg/Q   
     20     191    24      1  0.6  INVX1_RVT    wptr_full/g510/Y        
     50     242    41      1  1.0  AND2X1_RVT   wptr_full/g508__5115/Y  
     64     305    28      1  1.0  HADDX1_RVT   wptr_full/g507__1881/C1 
     62     367    32      2  1.5  HADDX1_RVT   wptr_full/g506__6131/C1 
     69     436    35      2  1.5  AND3X1_RVT   wptr_full/g505__7098/Y  
     61     497    28      1  1.0  HADDX1_RVT   wptr_full/g499__2802/C1 
    112     609    40      3  2.5  HADDX1_RVT   wptr_full/g490__6783/SO 
    164     773    50      3  1.7  HADDX1_HVT   wptr_full/g530__5477/SO 
      0     773     -      3    -  SDFFARX1_RVT wptr_full/wptr_reg_4_/D 
#-----------------------------------------------------------------------



Path 80: MET (1103 ps) Setup Check with Pin rptr_empty/rptr_reg_4_/CLK->D
          Group: rclk
     Startpoint: (R) rptr_empty/rempty_reg/CLK
          Clock: (R) rclk
       Endpoint: (R) rptr_empty/rptr_reg_4_/D
          Clock: (R) rclk

                     Capture       Launch     
        Clock Edge:+    2000            0     
       Src Latency:+       0            0     
       Net Latency:+       0 (I)        0 (I) 
           Arrival:=    2000            0     
                                              
             Setup:-     132                  
     Required Time:=    1868                  
      Launch Clock:-       0                  
         Data Path:-     765                  
             Slack:=    1103                  

#-------------------------------------------------------------------------
# Delay Arrival Trans Fanout Load     Cell            Timing Point        
#  (ps)   (ps)   (ps)        (fF)                                         
#-------------------------------------------------------------------------
      0       0     0     52    -  (arrival)    rptr_empty/rempty_reg/CLK 
    166     166    36      2  1.5  SDFFASX1_RVT rptr_empty/rempty_reg/Q   
     24     190    23      1  0.6  INVX1_RVT    rptr_empty/g503/Y         
     50     240    36      1  1.0  AND2X1_RVT   rptr_empty/g501__4319/Y   
     63     303    31      1  1.0  HADDX1_RVT   rptr_empty/g500__6260/C1  
     66     369    35      2  1.5  HADDX1_RVT   rptr_empty/g499__5107/C1  
     68     437    36      2  1.5  AND3X1_RVT   rptr_empty/g498__2398/Y   
     63     500    31      1  1.0  HADDX1_RVT   rptr_empty/g492__1666/C1  
    113     613    45      3  2.5  HADDX1_RVT   rptr_empty/g483__9945/SO  
    152     765    44      2  1.7  HADDX1_HVT   rptr_empty/g523__6131/SO  
      0     765     -      2    -  SDFFARX1_RVT rptr_empty/rptr_reg_4_/D  
#-------------------------------------------------------------------------



Path 81: MET (1108 ps) Setup Check with Pin rptr_empty/rptr_reg_3_/CLK->D
          Group: rclk
     Startpoint: (R) rptr_empty/rempty_reg/CLK
          Clock: (R) rclk
       Endpoint: (R) rptr_empty/rptr_reg_3_/D
          Clock: (R) rclk

                     Capture       Launch     
        Clock Edge:+    2000            0     
       Src Latency:+       0            0     
       Net Latency:+       0 (I)        0 (I) 
           Arrival:=    2000            0     
                                              
             Setup:-     132                  
     Required Time:=    1868                  
      Launch Clock:-       0                  
         Data Path:-     759                  
             Slack:=    1108                  

#-------------------------------------------------------------------------
# Delay Arrival Trans Fanout Load     Cell            Timing Point        
#  (ps)   (ps)   (ps)        (fF)                                         
#-------------------------------------------------------------------------
      0       0     0     52    -  (arrival)    rptr_empty/rempty_reg/CLK 
    166     166    36      2  1.5  SDFFASX1_RVT rptr_empty/rempty_reg/Q   
     24     190    23      1  0.6  INVX1_RVT    rptr_empty/g503/Y         
     50     240    36      1  1.0  AND2X1_RVT   rptr_empty/g501__4319/Y   
     63     303    31      1  1.0  HADDX1_RVT   rptr_empty/g500__6260/C1  
     66     369    35      2  1.5  HADDX1_RVT   rptr_empty/g499__5107/C1  
     63     432    31      1  1.0  HADDX1_RVT   rptr_empty/g493__7410/C1  
    167     599    58      3  2.5  HADDX1_HVT   rptr_empty/g509__3680/SO  
    161     759    44      2  1.7  HADDX1_HVT   rptr_empty/g507__6783/SO  
      0     759     -      2    -  SDFFARX1_RVT rptr_empty/rptr_reg_3_/D  
#-------------------------------------------------------------------------



Path 82: MET (1110 ps) Setup Check with Pin rptr_empty/rptr_reg_2_/CLK->D
          Group: rclk
     Startpoint: (R) rptr_empty/rempty_reg/CLK
          Clock: (R) rclk
       Endpoint: (R) rptr_empty/rptr_reg_2_/D
          Clock: (R) rclk

                     Capture       Launch     
        Clock Edge:+    2000            0     
       Src Latency:+       0            0     
       Net Latency:+       0 (I)        0 (I) 
           Arrival:=    2000            0     
                                              
             Setup:-     132                  
     Required Time:=    1868                  
      Launch Clock:-       0                  
         Data Path:-     758                  
             Slack:=    1110                  

#-------------------------------------------------------------------------
# Delay Arrival Trans Fanout Load     Cell            Timing Point        
#  (ps)   (ps)   (ps)        (fF)                                         
#-------------------------------------------------------------------------
      0       0     0     52    -  (arrival)    rptr_empty/rempty_reg/CLK 
    166     166    36      2  1.5  SDFFASX1_RVT rptr_empty/rempty_reg/Q   
     24     190    23      1  0.6  INVX1_RVT    rptr_empty/g503/Y         
     50     240    36      1  1.0  AND2X1_RVT   rptr_empty/g501__4319/Y   
     63     303    31      1  1.0  HADDX1_RVT   rptr_empty/g500__6260/C1  
     66     369    35      2  1.5  HADDX1_RVT   rptr_empty/g499__5107/C1  
     63     432    31      1  1.0  HADDX1_RVT   rptr_empty/g493__7410/C1  
    167     599    58      3  2.5  HADDX1_HVT   rptr_empty/g509__3680/SO  
    159     758    44      2  1.7  HADDX1_HVT   rptr_empty/g505__5526/SO  
      0     758     -      2    -  SDFFARX1_RVT rptr_empty/rptr_reg_2_/D  
#-------------------------------------------------------------------------



Path 83: MET (1111 ps) Setup Check with Pin wptr_full/wptr_reg_3_/CLK->D
          Group: wclk
     Startpoint: (R) wptr_full/wfull_reg/CLK
          Clock: (R) wclk
       Endpoint: (R) wptr_full/wptr_reg_3_/D
          Clock: (R) wclk

                     Capture       Launch     
        Clock Edge:+    2000            0     
       Src Latency:+       0            0     
       Net Latency:+       0 (I)        0 (I) 
           Arrival:=    2000            0     
                                              
             Setup:-     132                  
     Required Time:=    1868                  
      Launch Clock:-       0                  
         Data Path:-     757                  
             Slack:=    1111                  

#-----------------------------------------------------------------------
# Delay Arrival Trans Fanout Load     Cell           Timing Point       
#  (ps)   (ps)   (ps)        (fF)                                       
#-----------------------------------------------------------------------
      0       0     0     52    -  (arrival)    wptr_full/wfull_reg/CLK 
    164     164    35      2  1.5  SDFFARX1_RVT wptr_full/wfull_reg/Q   
     24     188    23      1  0.6  INVX1_RVT    wptr_full/g510/Y        
     50     237    36      1  1.0  AND2X1_RVT   wptr_full/g508__5115/Y  
     63     300    31      1  1.0  HADDX1_RVT   wptr_full/g507__1881/C1 
     66     366    35      2  1.5  HADDX1_RVT   wptr_full/g506__6131/C1 
     63     429    31      1  1.0  HADDX1_RVT   wptr_full/g500__1705/C1 
    167     596    58      3  2.5  HADDX1_HVT   wptr_full/g516__9315/SO 
    161     757    44      2  1.7  HADDX1_HVT   wptr_full/g512__4733/SO 
      0     757     -      2    -  SDFFARX1_RVT wptr_full/wptr_reg_3_/D 
#-----------------------------------------------------------------------



Path 84: MET (1112 ps) Setup Check with Pin wptr_full/wptr_reg_2_/CLK->D
          Group: wclk
     Startpoint: (R) wptr_full/wfull_reg/CLK
          Clock: (R) wclk
       Endpoint: (R) wptr_full/wptr_reg_2_/D
          Clock: (R) wclk

                     Capture       Launch     
        Clock Edge:+    2000            0     
       Src Latency:+       0            0     
       Net Latency:+       0 (I)        0 (I) 
           Arrival:=    2000            0     
                                              
             Setup:-     132                  
     Required Time:=    1868                  
      Launch Clock:-       0                  
         Data Path:-     755                  
             Slack:=    1112                  

#-----------------------------------------------------------------------
# Delay Arrival Trans Fanout Load     Cell           Timing Point       
#  (ps)   (ps)   (ps)        (fF)                                       
#-----------------------------------------------------------------------
      0       0     0     52    -  (arrival)    wptr_full/wfull_reg/CLK 
    164     164    35      2  1.5  SDFFARX1_RVT wptr_full/wfull_reg/Q   
     24     188    23      1  0.6  INVX1_RVT    wptr_full/g510/Y        
     50     237    36      1  1.0  AND2X1_RVT   wptr_full/g508__5115/Y  
     63     300    31      1  1.0  HADDX1_RVT   wptr_full/g507__1881/C1 
     66     366    35      2  1.5  HADDX1_RVT   wptr_full/g506__6131/C1 
     63     429    31      1  1.0  HADDX1_RVT   wptr_full/g500__1705/C1 
    167     596    58      3  2.5  HADDX1_HVT   wptr_full/g516__9315/SO 
    159     755    44      2  1.7  HADDX1_HVT   wptr_full/g514__6161/SO 
      0     755     -      2    -  SDFFARX1_RVT wptr_full/wptr_reg_2_/D 
#-----------------------------------------------------------------------



Path 85: MET (1116 ps) Setup Check with Pin rptr_empty/rbin_reg_9_/CLK->D
          Group: rclk
     Startpoint: (R) rptr_empty/rempty_reg/CLK
          Clock: (R) rclk
       Endpoint: (F) rptr_empty/rbin_reg_9_/D
          Clock: (R) rclk

                     Capture       Launch     
        Clock Edge:+    2000            0     
       Src Latency:+       0            0     
       Net Latency:+       0 (I)        0 (I) 
           Arrival:=    2000            0     
                                              
             Setup:-     130                  
     Required Time:=    1870                  
      Launch Clock:-       0                  
         Data Path:-     754                  
             Slack:=    1116                  

#-------------------------------------------------------------------------
# Delay Arrival Trans Fanout Load     Cell            Timing Point        
#  (ps)   (ps)   (ps)        (fF)                                         
#-------------------------------------------------------------------------
      0       0     0     52    -  (arrival)    rptr_empty/rempty_reg/CLK 
    166     166    36      2  1.5  SDFFASX1_RVT rptr_empty/rempty_reg/Q   
     24     190    23      1  0.6  INVX1_RVT    rptr_empty/g503/Y         
     50     240    36      1  1.0  AND2X1_RVT   rptr_empty/g501__4319/Y   
     63     303    31      1  1.0  HADDX1_RVT   rptr_empty/g500__6260/C1  
     66     369    35      2  1.5  HADDX1_RVT   rptr_empty/g499__5107/C1  
     68     437    36      2  1.5  AND3X1_RVT   rptr_empty/g498__2398/Y   
     84     521    44      2  1.6  AND4X1_RVT   rptr_empty/g496__5477/Y   
     66     587    32      1  1.0  HADDX1_RVT   rptr_empty/g488__2883/C1  
    167     754    59      3  2.5  HADDX1_HVT   rptr_empty/g521__7098/SO  
      0     754     -      3    -  SDFFARX1_RVT rptr_empty/rbin_reg_9_/D  
#-------------------------------------------------------------------------



Path 86: MET (1119 ps) Setup Check with Pin wptr_full/wbin_reg_9_/CLK->D
          Group: wclk
     Startpoint: (R) wptr_full/wfull_reg/CLK
          Clock: (R) wclk
       Endpoint: (F) wptr_full/wbin_reg_9_/D
          Clock: (R) wclk

                     Capture       Launch     
        Clock Edge:+    2000            0     
       Src Latency:+       0            0     
       Net Latency:+       0 (I)        0 (I) 
           Arrival:=    2000            0     
                                              
             Setup:-     130                  
     Required Time:=    1870                  
      Launch Clock:-       0                  
         Data Path:-     752                  
             Slack:=    1119                  

#-----------------------------------------------------------------------
# Delay Arrival Trans Fanout Load     Cell           Timing Point       
#  (ps)   (ps)   (ps)        (fF)                                       
#-----------------------------------------------------------------------
      0       0     0     52    -  (arrival)    wptr_full/wfull_reg/CLK 
    164     164    35      2  1.5  SDFFARX1_RVT wptr_full/wfull_reg/Q   
     24     188    23      1  0.6  INVX1_RVT    wptr_full/g510/Y        
     50     237    36      1  1.0  AND2X1_RVT   wptr_full/g508__5115/Y  
     63     300    31      1  1.0  HADDX1_RVT   wptr_full/g507__1881/C1 
     66     366    35      2  1.5  HADDX1_RVT   wptr_full/g506__6131/C1 
     68     434    36      2  1.5  AND3X1_RVT   wptr_full/g505__7098/Y  
     84     519    44      2  1.6  AND4X1_RVT   wptr_full/g503__8246/Y  
     66     584    32      1  1.0  HADDX1_RVT   wptr_full/g495__3680/C1 
    167     752    59      3  2.5  HADDX1_HVT   wptr_full/g528__6417/SO 
      0     752     -      3    -  SDFFARX1_RVT wptr_full/wbin_reg_9_/D 
#-----------------------------------------------------------------------



Path 87: MET (1152 ps) Setup Check with Pin rptr_empty/rbin_reg_10_/CLK->D
          Group: rclk
     Startpoint: (R) rptr_empty/rempty_reg/CLK
          Clock: (R) rclk
       Endpoint: (R) rptr_empty/rbin_reg_10_/D
          Clock: (R) rclk

                     Capture       Launch     
        Clock Edge:+    2000            0     
       Src Latency:+       0            0     
       Net Latency:+       0 (I)        0 (I) 
           Arrival:=    2000            0     
                                              
             Setup:-     135                  
     Required Time:=    1865                  
      Launch Clock:-       0                  
         Data Path:-     713                  
             Slack:=    1152                  

#-------------------------------------------------------------------------
# Delay Arrival Trans Fanout Load     Cell            Timing Point        
#  (ps)   (ps)   (ps)        (fF)                                         
#-------------------------------------------------------------------------
      0       0     0     52    -  (arrival)    rptr_empty/rempty_reg/CLK 
    166     166    36      2  1.5  SDFFASX1_RVT rptr_empty/rempty_reg/Q   
     24     190    23      1  0.6  INVX1_RVT    rptr_empty/g503/Y         
     50     240    36      1  1.0  AND2X1_RVT   rptr_empty/g501__4319/Y   
     63     303    31      1  1.0  HADDX1_RVT   rptr_empty/g500__6260/C1  
     66     369    35      2  1.5  HADDX1_RVT   rptr_empty/g499__5107/C1  
     68     437    36      2  1.5  AND3X1_RVT   rptr_empty/g498__2398/Y   
     84     521    44      2  1.6  AND4X1_RVT   rptr_empty/g496__5477/Y   
     57     578    70      1  1.2  NAND3X0_RVT  rptr_empty/g495__6417/Y   
    135     713    52      3  2.5  XNOR2X1_RVT  rptr_empty/g489__2346/Y   
      0     713     -      3    -  SDFFARX1_RVT rptr_empty/rbin_reg_10_/D 
#-------------------------------------------------------------------------



Path 88: MET (1152 ps) Setup Check with Pin wptr_full/wbin_reg_10_/CLK->D
          Group: wclk
     Startpoint: (R) wptr_full/wfull_reg/CLK
          Clock: (R) wclk
       Endpoint: (R) wptr_full/wbin_reg_10_/D
          Clock: (R) wclk

                     Capture       Launch     
        Clock Edge:+    2000            0     
       Src Latency:+       0            0     
       Net Latency:+       0 (I)        0 (I) 
           Arrival:=    2000            0     
                                              
             Setup:-     136                  
     Required Time:=    1864                  
      Launch Clock:-       0                  
         Data Path:-     712                  
             Slack:=    1152                  

#------------------------------------------------------------------------
# Delay Arrival Trans Fanout Load     Cell           Timing Point        
#  (ps)   (ps)   (ps)        (fF)                                        
#------------------------------------------------------------------------
      0       0     0     52    -  (arrival)    wptr_full/wfull_reg/CLK  
    164     164    35      2  1.5  SDFFARX1_RVT wptr_full/wfull_reg/Q    
     24     188    23      1  0.6  INVX1_RVT    wptr_full/g510/Y         
     50     237    36      1  1.0  AND2X1_RVT   wptr_full/g508__5115/Y   
     63     300    31      1  1.0  HADDX1_RVT   wptr_full/g507__1881/C1  
     66     366    35      2  1.5  HADDX1_RVT   wptr_full/g506__6131/C1  
     68     434    36      2  1.5  AND3X1_RVT   wptr_full/g505__7098/Y   
     84     519    44      2  1.6  AND4X1_RVT   wptr_full/g503__8246/Y   
     57     576    70      1  1.2  NAND3X0_RVT  wptr_full/g502__5122/Y   
    136     712    54      4  2.7  XNOR2X1_RVT  wptr_full/g496__1617/Y   
      0     712     -      4    -  SDFFARX1_RVT wptr_full/wbin_reg_10_/D 
#------------------------------------------------------------------------



Path 89: MET (1201 ps) Setup Check with Pin rptr_empty/rbin_reg_6_/CLK->D
          Group: rclk
     Startpoint: (R) rptr_empty/rempty_reg/CLK
          Clock: (R) rclk
       Endpoint: (F) rptr_empty/rbin_reg_6_/D
          Clock: (R) rclk

                     Capture       Launch     
        Clock Edge:+    2000            0     
       Src Latency:+       0            0     
       Net Latency:+       0 (I)        0 (I) 
           Arrival:=    2000            0     
                                              
             Setup:-     125                  
     Required Time:=    1875                  
      Launch Clock:-       0                  
         Data Path:-     674                  
             Slack:=    1201                  

#-------------------------------------------------------------------------
# Delay Arrival Trans Fanout Load     Cell            Timing Point        
#  (ps)   (ps)   (ps)        (fF)                                         
#-------------------------------------------------------------------------
      0       0     0     52    -  (arrival)    rptr_empty/rempty_reg/CLK 
    166     166    36      2  1.5  SDFFASX1_RVT rptr_empty/rempty_reg/Q   
     24     190    23      1  0.6  INVX1_RVT    rptr_empty/g503/Y         
     50     240    36      1  1.0  AND2X1_RVT   rptr_empty/g501__4319/Y   
     63     303    31      1  1.0  HADDX1_RVT   rptr_empty/g500__6260/C1  
     66     369    35      2  1.5  HADDX1_RVT   rptr_empty/g499__5107/C1  
     68     437    36      2  1.5  AND3X1_RVT   rptr_empty/g498__2398/Y   
     63     500    31      1  1.0  HADDX1_RVT   rptr_empty/g492__1666/C1  
     62     562    31      1  1.0  HADDX1_RVT   rptr_empty/g483__9945/C1  
    113     674    45      3  2.5  HADDX1_RVT   rptr_empty/g474__9315/SO  
      0     674     -      3    -  SDFFARX1_RVT rptr_empty/rbin_reg_6_/D  
#-------------------------------------------------------------------------



Path 90: MET (1202 ps) Setup Check with Pin wptr_full/wbin_reg_6_/CLK->D
          Group: wclk
     Startpoint: (R) wptr_full/wfull_reg/CLK
          Clock: (R) wclk
       Endpoint: (R) wptr_full/wbin_reg_6_/D
          Clock: (R) wclk

                     Capture       Launch     
        Clock Edge:+    2000            0     
       Src Latency:+       0            0     
       Net Latency:+       0 (I)        0 (I) 
           Arrival:=    2000            0     
                                              
             Setup:-     131                  
     Required Time:=    1869                  
      Launch Clock:-       0                  
         Data Path:-     666                  
             Slack:=    1202                  

#-----------------------------------------------------------------------
# Delay Arrival Trans Fanout Load     Cell           Timing Point       
#  (ps)   (ps)   (ps)        (fF)                                       
#-----------------------------------------------------------------------
      0       0     0     52    -  (arrival)    wptr_full/wfull_reg/CLK 
    172     172    38      2  1.5  SDFFARX1_RVT wptr_full/wfull_reg/Q   
     20     191    24      1  0.6  INVX1_RVT    wptr_full/g510/Y        
     50     242    41      1  1.0  AND2X1_RVT   wptr_full/g508__5115/Y  
     64     305    28      1  1.0  HADDX1_RVT   wptr_full/g507__1881/C1 
     62     367    32      2  1.5  HADDX1_RVT   wptr_full/g506__6131/C1 
     69     436    35      2  1.5  AND3X1_RVT   wptr_full/g505__7098/Y  
     61     497    28      1  1.0  HADDX1_RVT   wptr_full/g499__2802/C1 
     58     555    28      1  1.0  HADDX1_RVT   wptr_full/g490__6783/C1 
    112     666    40      3  2.5  HADDX1_RVT   wptr_full/g481__5526/SO 
      0     666     -      3    -  SDFFARX1_RVT wptr_full/wbin_reg_6_/D 
#-----------------------------------------------------------------------



Path 91: MET (1224 ps) Setup Check with Pin wptr_full/wbin_reg_8_/CLK->D
          Group: wclk
     Startpoint: (R) wptr_full/wfull_reg/CLK
          Clock: (R) wclk
       Endpoint: (R) wptr_full/wbin_reg_8_/D
          Clock: (R) wclk

                     Capture       Launch     
        Clock Edge:+    2000            0     
       Src Latency:+       0            0     
       Net Latency:+       0 (I)        0 (I) 
           Arrival:=    2000            0     
                                              
             Setup:-     131                  
     Required Time:=    1869                  
      Launch Clock:-       0                  
         Data Path:-     644                  
             Slack:=    1224                  

#-----------------------------------------------------------------------
# Delay Arrival Trans Fanout Load     Cell           Timing Point       
#  (ps)   (ps)   (ps)        (fF)                                       
#-----------------------------------------------------------------------
      0       0     0     52    -  (arrival)    wptr_full/wfull_reg/CLK 
    172     172    38      2  1.5  SDFFARX1_RVT wptr_full/wfull_reg/Q   
     20     191    24      1  0.6  INVX1_RVT    wptr_full/g510/Y        
     50     242    41      1  1.0  AND2X1_RVT   wptr_full/g508__5115/Y  
     64     305    28      1  1.0  HADDX1_RVT   wptr_full/g507__1881/C1 
     62     367    32      2  1.5  HADDX1_RVT   wptr_full/g506__6131/C1 
     69     436    35      2  1.5  AND3X1_RVT   wptr_full/g505__7098/Y  
     88     524    47      2  1.6  AND4X1_RVT   wptr_full/g503__8246/Y  
    121     644    41      3  2.5  HADDX1_RVT   wptr_full/g495__3680/SO 
      0     644     -      3    -  SDFFARX1_RVT wptr_full/wbin_reg_8_/D 
#-----------------------------------------------------------------------



Path 92: MET (1229 ps) Setup Check with Pin wptr_full/wptr_reg_1_/CLK->D
          Group: wclk
     Startpoint: (R) wptr_full/wfull_reg/CLK
          Clock: (R) wclk
       Endpoint: (F) wptr_full/wptr_reg_1_/D
          Clock: (R) wclk

                     Capture       Launch     
        Clock Edge:+    2000            0     
       Src Latency:+       0            0     
       Net Latency:+       0 (I)        0 (I) 
           Arrival:=    2000            0     
                                              
             Setup:-     126                  
     Required Time:=    1874                  
      Launch Clock:-       0                  
         Data Path:-     645                  
             Slack:=    1229                  

#-----------------------------------------------------------------------
# Delay Arrival Trans Fanout Load     Cell           Timing Point       
#  (ps)   (ps)   (ps)        (fF)                                       
#-----------------------------------------------------------------------
      0       0     0     52    -  (arrival)    wptr_full/wfull_reg/CLK 
    172     172    38      2  1.5  SDFFARX1_RVT wptr_full/wfull_reg/Q   
     20     191    24      1  0.6  INVX1_RVT    wptr_full/g510/Y        
     50     242    41      1  1.0  AND2X1_RVT   wptr_full/g508__5115/Y  
     64     305    28      1  1.0  HADDX1_RVT   wptr_full/g507__1881/C1 
     62     367    32      2  1.5  HADDX1_RVT   wptr_full/g506__6131/C1 
    114     481    40      3  2.5  HADDX1_RVT   wptr_full/g500__1705/SO 
    164     645    50      2  1.7  HADDX1_HVT   wptr_full/g518__9945/SO 
      0     645     -      2    -  SDFFARX1_RVT wptr_full/wptr_reg_1_/D 
#-----------------------------------------------------------------------



Path 93: MET (1233 ps) Setup Check with Pin rptr_empty/rptr_reg_1_/CLK->D
          Group: rclk
     Startpoint: (R) rptr_empty/rempty_reg/CLK
          Clock: (R) rclk
       Endpoint: (R) rptr_empty/rptr_reg_1_/D
          Clock: (R) rclk

                     Capture       Launch     
        Clock Edge:+    2000            0     
       Src Latency:+       0            0     
       Net Latency:+       0 (I)        0 (I) 
           Arrival:=    2000            0     
                                              
             Setup:-     132                  
     Required Time:=    1868                  
      Launch Clock:-       0                  
         Data Path:-     634                  
             Slack:=    1233                  

#-------------------------------------------------------------------------
# Delay Arrival Trans Fanout Load     Cell            Timing Point        
#  (ps)   (ps)   (ps)        (fF)                                         
#-------------------------------------------------------------------------
      0       0     0     52    -  (arrival)    rptr_empty/rempty_reg/CLK 
    166     166    36      2  1.5  SDFFASX1_RVT rptr_empty/rempty_reg/Q   
     24     190    23      1  0.6  INVX1_RVT    rptr_empty/g503/Y         
     50     240    36      1  1.0  AND2X1_RVT   rptr_empty/g501__4319/Y   
     63     303    31      1  1.0  HADDX1_RVT   rptr_empty/g500__6260/C1  
     66     369    35      2  1.5  HADDX1_RVT   rptr_empty/g499__5107/C1  
    114     482    45      3  2.5  HADDX1_RVT   rptr_empty/g493__7410/SO  
    152     634    44      2  1.7  HADDX1_HVT   rptr_empty/g511__1617/SO  
      0     634     -      2    -  SDFFARX1_RVT rptr_empty/rptr_reg_1_/D  
#-------------------------------------------------------------------------



Path 94: MET (1237 ps) Setup Check with Pin rptr_empty/rbin_reg_8_/CLK->D
          Group: rclk
     Startpoint: (R) rptr_empty/rempty_reg/CLK
          Clock: (R) rclk
       Endpoint: (R) rptr_empty/rbin_reg_8_/D
          Clock: (R) rclk

                     Capture       Launch     
        Clock Edge:+    2000            0     
       Src Latency:+       0            0     
       Net Latency:+       0 (I)        0 (I) 
           Arrival:=    2000            0     
                                              
             Setup:-     131                  
     Required Time:=    1869                  
      Launch Clock:-       0                  
         Data Path:-     631                  
             Slack:=    1237                  

#-------------------------------------------------------------------------
# Delay Arrival Trans Fanout Load     Cell            Timing Point        
#  (ps)   (ps)   (ps)        (fF)                                         
#-------------------------------------------------------------------------
      0       0     0     52    -  (arrival)    rptr_empty/rempty_reg/CLK 
    160     160    34      2  1.5  SDFFASX1_RVT rptr_empty/rempty_reg/Q   
     20     179    22      1  0.6  INVX1_RVT    rptr_empty/g503/Y         
     50     229    41      1  1.0  AND2X1_RVT   rptr_empty/g501__4319/Y   
     64     292    28      1  1.0  HADDX1_RVT   rptr_empty/g500__6260/C1  
     62     354    32      2  1.5  HADDX1_RVT   rptr_empty/g499__5107/C1  
     69     423    35      2  1.5  AND3X1_RVT   rptr_empty/g498__2398/Y   
     88     511    47      2  1.6  AND4X1_RVT   rptr_empty/g496__5477/Y   
    121     631    41      3  2.5  HADDX1_RVT   rptr_empty/g488__2883/SO  
      0     631     -      3    -  SDFFARX1_RVT rptr_empty/rbin_reg_8_/D  
#-------------------------------------------------------------------------



Path 95: MET (1260 ps) Setup Check with Pin wptr_full/wbin_reg_5_/CLK->D
          Group: wclk
     Startpoint: (R) wptr_full/wfull_reg/CLK
          Clock: (R) wclk
       Endpoint: (R) wptr_full/wbin_reg_5_/D
          Clock: (R) wclk

                     Capture       Launch     
        Clock Edge:+    2000            0     
       Src Latency:+       0            0     
       Net Latency:+       0 (I)        0 (I) 
           Arrival:=    2000            0     
                                              
             Setup:-     131                  
     Required Time:=    1869                  
      Launch Clock:-       0                  
         Data Path:-     609                  
             Slack:=    1260                  

#-----------------------------------------------------------------------
# Delay Arrival Trans Fanout Load     Cell           Timing Point       
#  (ps)   (ps)   (ps)        (fF)                                       
#-----------------------------------------------------------------------
      0       0     0     52    -  (arrival)    wptr_full/wfull_reg/CLK 
    172     172    38      2  1.5  SDFFARX1_RVT wptr_full/wfull_reg/Q   
     20     191    24      1  0.6  INVX1_RVT    wptr_full/g510/Y        
     50     242    41      1  1.0  AND2X1_RVT   wptr_full/g508__5115/Y  
     64     305    28      1  1.0  HADDX1_RVT   wptr_full/g507__1881/C1 
     62     367    32      2  1.5  HADDX1_RVT   wptr_full/g506__6131/C1 
     69     436    35      2  1.5  AND3X1_RVT   wptr_full/g505__7098/Y  
     61     497    28      1  1.0  HADDX1_RVT   wptr_full/g499__2802/C1 
    112     609    40      3  2.5  HADDX1_RVT   wptr_full/g490__6783/SO 
      0     609     -      3    -  SDFFARX1_RVT wptr_full/wbin_reg_5_/D 
#-----------------------------------------------------------------------



Path 96: MET (1263 ps) Setup Check with Pin rptr_empty/rbin_reg_5_/CLK->D
          Group: rclk
     Startpoint: (R) rptr_empty/rempty_reg/CLK
          Clock: (R) rclk
       Endpoint: (F) rptr_empty/rbin_reg_5_/D
          Clock: (R) rclk

                     Capture       Launch     
        Clock Edge:+    2000            0     
       Src Latency:+       0            0     
       Net Latency:+       0 (I)        0 (I) 
           Arrival:=    2000            0     
                                              
             Setup:-     125                  
     Required Time:=    1875                  
      Launch Clock:-       0                  
         Data Path:-     613                  
             Slack:=    1263                  

#-------------------------------------------------------------------------
# Delay Arrival Trans Fanout Load     Cell            Timing Point        
#  (ps)   (ps)   (ps)        (fF)                                         
#-------------------------------------------------------------------------
      0       0     0     52    -  (arrival)    rptr_empty/rempty_reg/CLK 
    166     166    36      2  1.5  SDFFASX1_RVT rptr_empty/rempty_reg/Q   
     24     190    23      1  0.6  INVX1_RVT    rptr_empty/g503/Y         
     50     240    36      1  1.0  AND2X1_RVT   rptr_empty/g501__4319/Y   
     63     303    31      1  1.0  HADDX1_RVT   rptr_empty/g500__6260/C1  
     66     369    35      2  1.5  HADDX1_RVT   rptr_empty/g499__5107/C1  
     68     437    36      2  1.5  AND3X1_RVT   rptr_empty/g498__2398/Y   
     63     500    31      1  1.0  HADDX1_RVT   rptr_empty/g492__1666/C1  
    113     613    45      3  2.5  HADDX1_RVT   rptr_empty/g483__9945/SO  
      0     613     -      3    -  SDFFARX1_RVT rptr_empty/rbin_reg_5_/D  
#-------------------------------------------------------------------------



Path 97: MET (1272 ps) Setup Check with Pin rptr_empty/rbin_reg_3_/CLK->D
          Group: rclk
     Startpoint: (R) rptr_empty/rempty_reg/CLK
          Clock: (R) rclk
       Endpoint: (F) rptr_empty/rbin_reg_3_/D
          Clock: (R) rclk

                     Capture       Launch     
        Clock Edge:+    2000            0     
       Src Latency:+       0            0     
       Net Latency:+       0 (I)        0 (I) 
           Arrival:=    2000            0     
                                              
             Setup:-     130                  
     Required Time:=    1870                  
      Launch Clock:-       0                  
         Data Path:-     599                  
             Slack:=    1272                  

#-------------------------------------------------------------------------
# Delay Arrival Trans Fanout Load     Cell            Timing Point        
#  (ps)   (ps)   (ps)        (fF)                                         
#-------------------------------------------------------------------------
      0       0     0     52    -  (arrival)    rptr_empty/rempty_reg/CLK 
    166     166    36      2  1.5  SDFFASX1_RVT rptr_empty/rempty_reg/Q   
     24     190    23      1  0.6  INVX1_RVT    rptr_empty/g503/Y         
     50     240    36      1  1.0  AND2X1_RVT   rptr_empty/g501__4319/Y   
     63     303    31      1  1.0  HADDX1_RVT   rptr_empty/g500__6260/C1  
     66     369    35      2  1.5  HADDX1_RVT   rptr_empty/g499__5107/C1  
     63     432    31      1  1.0  HADDX1_RVT   rptr_empty/g493__7410/C1  
    167     599    58      3  2.5  HADDX1_HVT   rptr_empty/g509__3680/SO  
      0     599     -      3    -  SDFFARX1_RVT rptr_empty/rbin_reg_3_/D  
#-------------------------------------------------------------------------



Path 98: MET (1274 ps) Setup Check with Pin wptr_full/wbin_reg_3_/CLK->D
          Group: wclk
     Startpoint: (R) wptr_full/wfull_reg/CLK
          Clock: (R) wclk
       Endpoint: (F) wptr_full/wbin_reg_3_/D
          Clock: (R) wclk

                     Capture       Launch     
        Clock Edge:+    2000            0     
       Src Latency:+       0            0     
       Net Latency:+       0 (I)        0 (I) 
           Arrival:=    2000            0     
                                              
             Setup:-     130                  
     Required Time:=    1870                  
      Launch Clock:-       0                  
         Data Path:-     596                  
             Slack:=    1274                  

#-----------------------------------------------------------------------
# Delay Arrival Trans Fanout Load     Cell           Timing Point       
#  (ps)   (ps)   (ps)        (fF)                                       
#-----------------------------------------------------------------------
      0       0     0     52    -  (arrival)    wptr_full/wfull_reg/CLK 
    164     164    35      2  1.5  SDFFARX1_RVT wptr_full/wfull_reg/Q   
     24     188    23      1  0.6  INVX1_RVT    wptr_full/g510/Y        
     50     237    36      1  1.0  AND2X1_RVT   wptr_full/g508__5115/Y  
     63     300    31      1  1.0  HADDX1_RVT   wptr_full/g507__1881/C1 
     66     366    35      2  1.5  HADDX1_RVT   wptr_full/g506__6131/C1 
     63     429    31      1  1.0  HADDX1_RVT   wptr_full/g500__1705/C1 
    167     596    58      3  2.5  HADDX1_HVT   wptr_full/g516__9315/SO 
      0     596     -      3    -  SDFFARX1_RVT wptr_full/wbin_reg_3_/D 
#-----------------------------------------------------------------------



Path 99: MET (1292 ps) Setup Check with Pin wptr_full/wptr_reg_0_/CLK->D
          Group: wclk
     Startpoint: (R) wptr_full/wfull_reg/CLK
          Clock: (R) wclk
       Endpoint: (F) wptr_full/wptr_reg_0_/D
          Clock: (R) wclk

                     Capture       Launch     
        Clock Edge:+    2000            0     
       Src Latency:+       0            0     
       Net Latency:+       0 (I)        0 (I) 
           Arrival:=    2000            0     
                                              
             Setup:-     126                  
     Required Time:=    1874                  
      Launch Clock:-       0                  
         Data Path:-     581                  
             Slack:=    1292                  

#-----------------------------------------------------------------------
# Delay Arrival Trans Fanout Load     Cell           Timing Point       
#  (ps)   (ps)   (ps)        (fF)                                       
#-----------------------------------------------------------------------
      0       0     0     52    -  (arrival)    wptr_full/wfull_reg/CLK 
    172     172    38      2  1.5  SDFFARX1_RVT wptr_full/wfull_reg/Q   
     20     191    24      1  0.6  INVX1_RVT    wptr_full/g510/Y        
     50     242    41      1  1.0  AND2X1_RVT   wptr_full/g508__5115/Y  
     64     305    28      1  1.0  HADDX1_RVT   wptr_full/g507__1881/C1 
    112     417    40      3  2.5  HADDX1_RVT   wptr_full/g506__6131/SO 
    164     581    50      2  1.7  HADDX1_HVT   wptr_full/g532__2398/SO 
      0     581     -      2    -  SDFFARX1_RVT wptr_full/wptr_reg_0_/D 
#-----------------------------------------------------------------------



Path 100: MET (1300 ps) Setup Check with Pin rptr_empty/rptr_reg_0_/CLK->D
          Group: rclk
     Startpoint: (R) rptr_empty/rempty_reg/CLK
          Clock: (R) rclk
       Endpoint: (R) rptr_empty/rptr_reg_0_/D
          Clock: (R) rclk

                     Capture       Launch     
        Clock Edge:+    2000            0     
       Src Latency:+       0            0     
       Net Latency:+       0 (I)        0 (I) 
           Arrival:=    2000            0     
                                              
             Setup:-     132                  
     Required Time:=    1868                  
      Launch Clock:-       0                  
         Data Path:-     568                  
             Slack:=    1300                  

#-------------------------------------------------------------------------
# Delay Arrival Trans Fanout Load     Cell            Timing Point        
#  (ps)   (ps)   (ps)        (fF)                                         
#-------------------------------------------------------------------------
      0       0     0     52    -  (arrival)    rptr_empty/rempty_reg/CLK 
    166     166    36      2  1.5  SDFFASX1_RVT rptr_empty/rempty_reg/Q   
     24     190    23      1  0.6  INVX1_RVT    rptr_empty/g503/Y         
     50     240    36      1  1.0  AND2X1_RVT   rptr_empty/g501__4319/Y   
     63     303    31      1  1.0  HADDX1_RVT   rptr_empty/g500__6260/C1  
    113     416    45      3  2.5  HADDX1_RVT   rptr_empty/g499__5107/SO  
    152     568    44      2  1.7  HADDX1_HVT   rptr_empty/g525__1881/SO  
      0     568     -      2    -  SDFFARX1_RVT rptr_empty/rptr_reg_0_/D  
#-------------------------------------------------------------------------



Path 101: MET (1318 ps) Setup Check with Pin wptr_full/wbin_reg_4_/CLK->D
          Group: wclk
     Startpoint: (R) wptr_full/wfull_reg/CLK
          Clock: (R) wclk
       Endpoint: (R) wptr_full/wbin_reg_4_/D
          Clock: (R) wclk

                     Capture       Launch     
        Clock Edge:+    2000            0     
       Src Latency:+       0            0     
       Net Latency:+       0 (I)        0 (I) 
           Arrival:=    2000            0     
                                              
             Setup:-     131                  
     Required Time:=    1869                  
      Launch Clock:-       0                  
         Data Path:-     551                  
             Slack:=    1318                  

#-----------------------------------------------------------------------
# Delay Arrival Trans Fanout Load     Cell           Timing Point       
#  (ps)   (ps)   (ps)        (fF)                                       
#-----------------------------------------------------------------------
      0       0     0     52    -  (arrival)    wptr_full/wfull_reg/CLK 
    172     172    38      2  1.5  SDFFARX1_RVT wptr_full/wfull_reg/Q   
     20     191    24      1  0.6  INVX1_RVT    wptr_full/g510/Y        
     50     242    41      1  1.0  AND2X1_RVT   wptr_full/g508__5115/Y  
     64     305    28      1  1.0  HADDX1_RVT   wptr_full/g507__1881/C1 
     62     367    32      2  1.5  HADDX1_RVT   wptr_full/g506__6131/C1 
     69     436    35      2  1.5  AND3X1_RVT   wptr_full/g505__7098/Y  
    115     551    40      3  2.5  HADDX1_RVT   wptr_full/g499__2802/SO 
      0     551     -      3    -  SDFFARX1_RVT wptr_full/wbin_reg_4_/D 
#-----------------------------------------------------------------------



Path 102: MET (1324 ps) Setup Check with Pin rptr_empty/rbin_reg_4_/CLK->D
          Group: rclk
     Startpoint: (R) rptr_empty/rempty_reg/CLK
          Clock: (R) rclk
       Endpoint: (F) rptr_empty/rbin_reg_4_/D
          Clock: (R) rclk

                     Capture       Launch     
        Clock Edge:+    2000            0     
       Src Latency:+       0            0     
       Net Latency:+       0 (I)        0 (I) 
           Arrival:=    2000            0     
                                              
             Setup:-     125                  
     Required Time:=    1875                  
      Launch Clock:-       0                  
         Data Path:-     551                  
             Slack:=    1324                  

#-------------------------------------------------------------------------
# Delay Arrival Trans Fanout Load     Cell            Timing Point        
#  (ps)   (ps)   (ps)        (fF)                                         
#-------------------------------------------------------------------------
      0       0     0     52    -  (arrival)    rptr_empty/rempty_reg/CLK 
    166     166    36      2  1.5  SDFFASX1_RVT rptr_empty/rempty_reg/Q   
     24     190    23      1  0.6  INVX1_RVT    rptr_empty/g503/Y         
     50     240    36      1  1.0  AND2X1_RVT   rptr_empty/g501__4319/Y   
     63     303    31      1  1.0  HADDX1_RVT   rptr_empty/g500__6260/C1  
     66     369    35      2  1.5  HADDX1_RVT   rptr_empty/g499__5107/C1  
     68     437    36      2  1.5  AND3X1_RVT   rptr_empty/g498__2398/Y   
    114     551    45      3  2.5  HADDX1_RVT   rptr_empty/g492__1666/SO  
      0     551     -      3    -  SDFFARX1_RVT rptr_empty/rbin_reg_4_/D  
#-------------------------------------------------------------------------



Path 103: MET (1388 ps) Setup Check with Pin wptr_full/wbin_reg_2_/CLK->D
          Group: wclk
     Startpoint: (R) wptr_full/wfull_reg/CLK
          Clock: (R) wclk
       Endpoint: (R) wptr_full/wbin_reg_2_/D
          Clock: (R) wclk

                     Capture       Launch     
        Clock Edge:+    2000            0     
       Src Latency:+       0            0     
       Net Latency:+       0 (I)        0 (I) 
           Arrival:=    2000            0     
                                              
             Setup:-     131                  
     Required Time:=    1869                  
      Launch Clock:-       0                  
         Data Path:-     481                  
             Slack:=    1388                  

#-----------------------------------------------------------------------
# Delay Arrival Trans Fanout Load     Cell           Timing Point       
#  (ps)   (ps)   (ps)        (fF)                                       
#-----------------------------------------------------------------------
      0       0     0     52    -  (arrival)    wptr_full/wfull_reg/CLK 
    172     172    38      2  1.5  SDFFARX1_RVT wptr_full/wfull_reg/Q   
     20     191    24      1  0.6  INVX1_RVT    wptr_full/g510/Y        
     50     242    41      1  1.0  AND2X1_RVT   wptr_full/g508__5115/Y  
     64     305    28      1  1.0  HADDX1_RVT   wptr_full/g507__1881/C1 
     62     367    32      2  1.5  HADDX1_RVT   wptr_full/g506__6131/C1 
    114     481    40      3  2.5  HADDX1_RVT   wptr_full/g500__1705/SO 
      0     481     -      3    -  SDFFARX1_RVT wptr_full/wbin_reg_2_/D 
#-----------------------------------------------------------------------



Path 104: MET (1393 ps) Setup Check with Pin rptr_empty/rbin_reg_2_/CLK->D
          Group: rclk
     Startpoint: (R) rptr_empty/rempty_reg/CLK
          Clock: (R) rclk
       Endpoint: (F) rptr_empty/rbin_reg_2_/D
          Clock: (R) rclk

                     Capture       Launch     
        Clock Edge:+    2000            0     
       Src Latency:+       0            0     
       Net Latency:+       0 (I)        0 (I) 
           Arrival:=    2000            0     
                                              
             Setup:-     125                  
     Required Time:=    1875                  
      Launch Clock:-       0                  
         Data Path:-     482                  
             Slack:=    1393                  

#-------------------------------------------------------------------------
# Delay Arrival Trans Fanout Load     Cell            Timing Point        
#  (ps)   (ps)   (ps)        (fF)                                         
#-------------------------------------------------------------------------
      0       0     0     52    -  (arrival)    rptr_empty/rempty_reg/CLK 
    166     166    36      2  1.5  SDFFASX1_RVT rptr_empty/rempty_reg/Q   
     24     190    23      1  0.6  INVX1_RVT    rptr_empty/g503/Y         
     50     240    36      1  1.0  AND2X1_RVT   rptr_empty/g501__4319/Y   
     63     303    31      1  1.0  HADDX1_RVT   rptr_empty/g500__6260/C1  
     66     369    35      2  1.5  HADDX1_RVT   rptr_empty/g499__5107/C1  
    114     482    45      3  2.5  HADDX1_RVT   rptr_empty/g493__7410/SO  
      0     482     -      3    -  SDFFARX1_RVT rptr_empty/rbin_reg_2_/D  
#-------------------------------------------------------------------------



Path 105: MET (1452 ps) Setup Check with Pin wptr_full/wbin_reg_1_/CLK->D
          Group: wclk
     Startpoint: (R) wptr_full/wfull_reg/CLK
          Clock: (R) wclk
       Endpoint: (R) wptr_full/wbin_reg_1_/D
          Clock: (R) wclk

                     Capture       Launch     
        Clock Edge:+    2000            0     
       Src Latency:+       0            0     
       Net Latency:+       0 (I)        0 (I) 
           Arrival:=    2000            0     
                                              
             Setup:-     131                  
     Required Time:=    1869                  
      Launch Clock:-       0                  
         Data Path:-     417                  
             Slack:=    1452                  

#-----------------------------------------------------------------------
# Delay Arrival Trans Fanout Load     Cell           Timing Point       
#  (ps)   (ps)   (ps)        (fF)                                       
#-----------------------------------------------------------------------
      0       0     0     52    -  (arrival)    wptr_full/wfull_reg/CLK 
    172     172    38      2  1.5  SDFFARX1_RVT wptr_full/wfull_reg/Q   
     20     191    24      1  0.6  INVX1_RVT    wptr_full/g510/Y        
     50     242    41      1  1.0  AND2X1_RVT   wptr_full/g508__5115/Y  
     64     305    28      1  1.0  HADDX1_RVT   wptr_full/g507__1881/C1 
    112     417    40      3  2.5  HADDX1_RVT   wptr_full/g506__6131/SO 
      0     417     -      3    -  SDFFARX1_RVT wptr_full/wbin_reg_1_/D 
#-----------------------------------------------------------------------



Path 106: MET (1460 ps) Setup Check with Pin rptr_empty/rbin_reg_1_/CLK->D
          Group: rclk
     Startpoint: (R) rptr_empty/rempty_reg/CLK
          Clock: (R) rclk
       Endpoint: (F) rptr_empty/rbin_reg_1_/D
          Clock: (R) rclk

                     Capture       Launch     
        Clock Edge:+    2000            0     
       Src Latency:+       0            0     
       Net Latency:+       0 (I)        0 (I) 
           Arrival:=    2000            0     
                                              
             Setup:-     125                  
     Required Time:=    1875                  
      Launch Clock:-       0                  
         Data Path:-     416                  
             Slack:=    1460                  

#-------------------------------------------------------------------------
# Delay Arrival Trans Fanout Load     Cell            Timing Point        
#  (ps)   (ps)   (ps)        (fF)                                         
#-------------------------------------------------------------------------
      0       0     0     52    -  (arrival)    rptr_empty/rempty_reg/CLK 
    166     166    36      2  1.5  SDFFASX1_RVT rptr_empty/rempty_reg/Q   
     24     190    23      1  0.6  INVX1_RVT    rptr_empty/g503/Y         
     50     240    36      1  1.0  AND2X1_RVT   rptr_empty/g501__4319/Y   
     63     303    31      1  1.0  HADDX1_RVT   rptr_empty/g500__6260/C1  
    113     416    45      3  2.5  HADDX1_RVT   rptr_empty/g499__5107/SO  
      0     416     -      3    -  SDFFARX1_RVT rptr_empty/rbin_reg_1_/D  
#-------------------------------------------------------------------------



Path 107: MET (1519 ps) Setup Check with Pin wptr_full/wbin_reg_0_/CLK->D
          Group: wclk
     Startpoint: (R) wptr_full/wfull_reg/CLK
          Clock: (R) wclk
       Endpoint: (R) wptr_full/wbin_reg_0_/D
          Clock: (R) wclk

                     Capture       Launch     
        Clock Edge:+    2000            0     
       Src Latency:+       0            0     
       Net Latency:+       0 (I)        0 (I) 
           Arrival:=    2000            0     
                                              
             Setup:-     128                  
     Required Time:=    1872                  
      Launch Clock:-       0                  
         Data Path:-     352                  
             Slack:=    1519                  

#-----------------------------------------------------------------------
# Delay Arrival Trans Fanout Load     Cell           Timing Point       
#  (ps)   (ps)   (ps)        (fF)                                       
#-----------------------------------------------------------------------
      0       0     0     52    -  (arrival)    wptr_full/wfull_reg/CLK 
    172     172    38      2  1.5  SDFFARX1_RVT wptr_full/wfull_reg/Q   
     20     191    24      1  0.6  INVX1_RVT    wptr_full/g510/Y        
     50     242    41      1  1.0  AND2X1_RVT   wptr_full/g508__5115/Y  
    111     352    33      2  1.5  HADDX1_RVT   wptr_full/g507__1881/SO 
      0     352     -      2    -  SDFFARX1_RVT wptr_full/wbin_reg_0_/D 
#-----------------------------------------------------------------------



Path 108: MET (1531 ps) Setup Check with Pin rptr_empty/rbin_reg_0_/CLK->D
          Group: rclk
     Startpoint: (R) rptr_empty/rempty_reg/CLK
          Clock: (R) rclk
       Endpoint: (F) rptr_empty/rbin_reg_0_/D
          Clock: (R) rclk

                     Capture       Launch     
        Clock Edge:+    2000            0     
       Src Latency:+       0            0     
       Net Latency:+       0 (I)        0 (I) 
           Arrival:=    2000            0     
                                              
             Setup:-     122                  
     Required Time:=    1878                  
      Launch Clock:-       0                  
         Data Path:-     347                  
             Slack:=    1531                  

#-------------------------------------------------------------------------
# Delay Arrival Trans Fanout Load     Cell            Timing Point        
#  (ps)   (ps)   (ps)        (fF)                                         
#-------------------------------------------------------------------------
      0       0     0     52    -  (arrival)    rptr_empty/rempty_reg/CLK 
    166     166    36      2  1.5  SDFFASX1_RVT rptr_empty/rempty_reg/Q   
     24     190    23      1  0.6  INVX1_RVT    rptr_empty/g503/Y         
     50     240    36      1  1.0  AND2X1_RVT   rptr_empty/g501__4319/Y   
    107     347    37      2  1.5  HADDX1_RVT   rptr_empty/g500__6260/SO  
      0     347     -      2    -  SDFFARX1_RVT rptr_empty/rbin_reg_0_/D  
#-------------------------------------------------------------------------



Path 109: MET (1584 ps) Setup Check with Pin fifomem/genblk1_5__U/CE2->CSB2
          Group: rclk
     Startpoint: (R) rptr_empty/rbin_reg_8_/CLK
          Clock: (R) rclk
       Endpoint: (R) fifomem/genblk1_5__U/CSB2
          Clock: (R) rclk

                     Capture       Launch     
        Clock Edge:+    2000            0     
       Src Latency:+       0            0     
       Net Latency:+       0 (I)        0 (I) 
           Arrival:=    2000            0     
                                              
             Setup:-      98                  
     Required Time:=    1902                  
      Launch Clock:-       0                  
         Data Path:-     318                  
             Slack:=    1584                  

#--------------------------------------------------------------------------
# Delay Arrival Trans Fanout Load     Cell            Timing Point         
#  (ps)   (ps)   (ps)        (fF)                                          
#--------------------------------------------------------------------------
      0       0     0     52    -  (arrival)    rptr_empty/rbin_reg_8_/CLK 
    190     190    58      6  4.2  SDFFARX1_RVT rptr_empty/rbin_reg_8_/Q   
     26     216    34      2  1.0  INVX1_RVT    fifomem/g148/Y             
     53     269    60      2  1.5  NAND2X0_RVT  fifomem/g141__5115/Y       
     20     290    31      1  0.5  INVX1_RVT    fifomem/g140/Y             
     29     318    39      1  0.0  NAND2X0_RVT  fifomem/g132__1617/Y       
      0     318     -      1    -  SRAM2RW128x8 fifomem/genblk1_5__U/CSB2  
#--------------------------------------------------------------------------

(P) : Instance is preserved



Path 110: MET (1584 ps) Setup Check with Pin fifomem/genblk1_5__U/CE1->CSB1
          Group: wclk
     Startpoint: (R) wptr_full/wbin_reg_8_/CLK
          Clock: (R) wclk
       Endpoint: (R) fifomem/genblk1_5__U/CSB1
          Clock: (R) wclk

                     Capture       Launch     
        Clock Edge:+    2000            0     
       Src Latency:+       0            0     
       Net Latency:+       0 (I)        0 (I) 
           Arrival:=    2000            0     
                                              
             Setup:-      98                  
     Required Time:=    1902                  
      Launch Clock:-       0                  
         Data Path:-     318                  
             Slack:=    1584                  

#-------------------------------------------------------------------------
# Delay Arrival Trans Fanout Load     Cell            Timing Point        
#  (ps)   (ps)   (ps)        (fF)                                         
#-------------------------------------------------------------------------
      0       0     0     52    -  (arrival)    wptr_full/wbin_reg_8_/CLK 
    190     190    58      6  4.2  SDFFARX1_RVT wptr_full/wbin_reg_8_/Q   
     26     216    34      2  1.0  INVX1_RVT    fifomem/g131/Y            
     53     269    60      2  1.5  NAND2X0_RVT  fifomem/g124__8428/Y      
     20     290    31      1  0.5  INVX1_RVT    fifomem/g123/Y            
     29     318    39      1  0.0  NAND2X0_RVT  fifomem/g115__1666/Y      
      0     318     -      1    -  SRAM2RW128x8 fifomem/genblk1_5__U/CSB1 
#-------------------------------------------------------------------------

(P) : Instance is preserved



Path 111: MET (1584 ps) Setup Check with Pin fifomem/genblk1_1__U/CE2->CSB2
          Group: rclk
     Startpoint: (R) rptr_empty/rbin_reg_8_/CLK
          Clock: (R) rclk
       Endpoint: (R) fifomem/genblk1_1__U/CSB2
          Clock: (R) rclk

                     Capture       Launch     
        Clock Edge:+    2000            0     
       Src Latency:+       0            0     
       Net Latency:+       0 (I)        0 (I) 
           Arrival:=    2000            0     
                                              
             Setup:-      92                  
     Required Time:=    1908                  
      Launch Clock:-       0                  
         Data Path:-     324                  
             Slack:=    1584                  

#--------------------------------------------------------------------------
# Delay Arrival Trans Fanout Load     Cell            Timing Point         
#  (ps)   (ps)   (ps)        (fF)                                          
#--------------------------------------------------------------------------
      0       0     0     52    -  (arrival)    rptr_empty/rbin_reg_8_/CLK 
    190     190    58      6  4.2  SDFFARX1_RVT rptr_empty/rbin_reg_8_/Q   
     26     216    34      2  1.0  INVX1_RVT    fifomem/g148/Y             
     53     269    60      2  1.5  NAND2X0_RVT  fifomem/g141__5115/Y       
     54     324    22      1  0.0  OR2X1_RVT    fifomem/g134__1705/Y       
      0     324     -      1    -  SRAM2RW128x8 fifomem/genblk1_1__U/CSB2  
#--------------------------------------------------------------------------

(P) : Instance is preserved



Path 112: MET (1584 ps) Setup Check with Pin fifomem/genblk1_1__U/CE1->CSB1
          Group: wclk
     Startpoint: (R) wptr_full/wbin_reg_8_/CLK
          Clock: (R) wclk
       Endpoint: (R) fifomem/genblk1_1__U/CSB1
          Clock: (R) wclk

                     Capture       Launch     
        Clock Edge:+    2000            0     
       Src Latency:+       0            0     
       Net Latency:+       0 (I)        0 (I) 
           Arrival:=    2000            0     
                                              
             Setup:-      92                  
     Required Time:=    1908                  
      Launch Clock:-       0                  
         Data Path:-     324                  
             Slack:=    1584                  

#-------------------------------------------------------------------------
# Delay Arrival Trans Fanout Load     Cell            Timing Point        
#  (ps)   (ps)   (ps)        (fF)                                         
#-------------------------------------------------------------------------
      0       0     0     52    -  (arrival)    wptr_full/wbin_reg_8_/CLK 
    190     190    58      6  4.2  SDFFARX1_RVT wptr_full/wbin_reg_8_/Q   
     26     216    34      2  1.0  INVX1_RVT    fifomem/g131/Y            
     53     269    60      2  1.5  NAND2X0_RVT  fifomem/g124__8428/Y      
     54     324    22      1  0.0  OR2X1_RVT    fifomem/g117__6417/Y      
      0     324     -      1    -  SRAM2RW128x8 fifomem/genblk1_1__U/CSB1 
#-------------------------------------------------------------------------

(P) : Instance is preserved



Path 113: MET (1585 ps) Setup Check with Pin fifomem/genblk1_4__U/CE2->CSB2
          Group: rclk
     Startpoint: (R) rptr_empty/rbin_reg_8_/CLK
          Clock: (R) rclk
       Endpoint: (R) fifomem/genblk1_4__U/CSB2
          Clock: (R) rclk

                     Capture       Launch     
        Clock Edge:+    2000            0     
       Src Latency:+       0            0     
       Net Latency:+       0 (I)        0 (I) 
           Arrival:=    2000            0     
                                              
             Setup:-      98                  
     Required Time:=    1902                  
      Launch Clock:-       0                  
         Data Path:-     318                  
             Slack:=    1585                  

#--------------------------------------------------------------------------
# Delay Arrival Trans Fanout Load     Cell            Timing Point         
#  (ps)   (ps)   (ps)        (fF)                                          
#--------------------------------------------------------------------------
      0       0     0     52    -  (arrival)    rptr_empty/rbin_reg_8_/CLK 
    190     190    58      6  4.2  SDFFARX1_RVT rptr_empty/rbin_reg_8_/Q   
     26     216    34      2  1.0  INVX1_RVT    fifomem/g148/Y             
     53     269    56      2  1.5  NAND2X0_RVT  fifomem/g144__4733/Y       
     20     290    29      1  0.5  INVX1_RVT    fifomem/g143/Y             
     28     318    39      1  0.0  NAND2X0_RVT  fifomem/g138__6131/Y       
      0     318     -      1    -  SRAM2RW128x8 fifomem/genblk1_4__U/CSB2  
#--------------------------------------------------------------------------

(P) : Instance is preserved



Path 114: MET (1585 ps) Setup Check with Pin fifomem/genblk1_4__U/CE1->CSB1
          Group: wclk
     Startpoint: (R) wptr_full/wbin_reg_8_/CLK
          Clock: (R) wclk
       Endpoint: (R) fifomem/genblk1_4__U/CSB1
          Clock: (R) wclk

                     Capture       Launch     
        Clock Edge:+    2000            0     
       Src Latency:+       0            0     
       Net Latency:+       0 (I)        0 (I) 
           Arrival:=    2000            0     
                                              
             Setup:-      98                  
     Required Time:=    1902                  
      Launch Clock:-       0                  
         Data Path:-     318                  
             Slack:=    1585                  

#-------------------------------------------------------------------------
# Delay Arrival Trans Fanout Load     Cell            Timing Point        
#  (ps)   (ps)   (ps)        (fF)                                         
#-------------------------------------------------------------------------
      0       0     0     52    -  (arrival)    wptr_full/wbin_reg_8_/CLK 
    190     190    58      6  4.2  SDFFARX1_RVT wptr_full/wbin_reg_8_/Q   
     26     216    34      2  1.0  INVX1_RVT    fifomem/g131/Y            
     53     269    56      2  1.5  NAND2X0_RVT  fifomem/g127__6783/Y      
     20     290    29      1  0.5  INVX1_RVT    fifomem/g126/Y            
     28     318    39      1  0.0  NAND2X0_RVT  fifomem/g121__6260/Y      
      0     318     -      1    -  SRAM2RW128x8 fifomem/genblk1_4__U/CSB1 
#-------------------------------------------------------------------------

(P) : Instance is preserved



Path 115: MET (1585 ps) Setup Check with Pin fifomem/genblk1_0__U/CE2->CSB2
          Group: rclk
     Startpoint: (R) rptr_empty/rbin_reg_8_/CLK
          Clock: (R) rclk
       Endpoint: (R) fifomem/genblk1_0__U/CSB2
          Clock: (R) rclk

                     Capture       Launch     
        Clock Edge:+    2000            0     
       Src Latency:+       0            0     
       Net Latency:+       0 (I)        0 (I) 
           Arrival:=    2000            0     
                                              
             Setup:-      92                  
     Required Time:=    1908                  
      Launch Clock:-       0                  
         Data Path:-     323                  
             Slack:=    1585                  

#--------------------------------------------------------------------------
# Delay Arrival Trans Fanout Load     Cell            Timing Point         
#  (ps)   (ps)   (ps)        (fF)                                          
#--------------------------------------------------------------------------
      0       0     0     52    -  (arrival)    rptr_empty/rbin_reg_8_/CLK 
    190     190    58      6  4.2  SDFFARX1_RVT rptr_empty/rbin_reg_8_/Q   
     26     216    34      2  1.0  INVX1_RVT    fifomem/g148/Y             
     53     269    56      2  1.5  NAND2X0_RVT  fifomem/g144__4733/Y       
     53     323    22      1  0.0  OR2X1_RVT    fifomem/g136__8246/Y       
      0     323     -      1    -  SRAM2RW128x8 fifomem/genblk1_0__U/CSB2  
#--------------------------------------------------------------------------

(P) : Instance is preserved



Path 116: MET (1585 ps) Setup Check with Pin fifomem/genblk1_0__U/CE1->CSB1
          Group: wclk
     Startpoint: (R) wptr_full/wbin_reg_8_/CLK
          Clock: (R) wclk
       Endpoint: (R) fifomem/genblk1_0__U/CSB1
          Clock: (R) wclk

                     Capture       Launch     
        Clock Edge:+    2000            0     
       Src Latency:+       0            0     
       Net Latency:+       0 (I)        0 (I) 
           Arrival:=    2000            0     
                                              
             Setup:-      92                  
     Required Time:=    1908                  
      Launch Clock:-       0                  
         Data Path:-     323                  
             Slack:=    1585                  

#-------------------------------------------------------------------------
# Delay Arrival Trans Fanout Load     Cell            Timing Point        
#  (ps)   (ps)   (ps)        (fF)                                         
#-------------------------------------------------------------------------
      0       0     0     52    -  (arrival)    wptr_full/wbin_reg_8_/CLK 
    190     190    58      6  4.2  SDFFARX1_RVT wptr_full/wbin_reg_8_/Q   
     26     216    34      2  1.0  INVX1_RVT    fifomem/g131/Y            
     53     269    56      2  1.5  NAND2X0_RVT  fifomem/g127__6783/Y      
     53     323    22      1  0.0  OR2X1_RVT    fifomem/g119__2398/Y      
      0     323     -      1    -  SRAM2RW128x8 fifomem/genblk1_0__U/CSB1 
#-------------------------------------------------------------------------

(P) : Instance is preserved



Path 117: MET (1587 ps) Setup Check with Pin fifomem/genblk1_2__U/CE2->CSB2
          Group: rclk
     Startpoint: (R) rptr_empty/rbin_reg_7_/CLK
          Clock: (R) rclk
       Endpoint: (R) fifomem/genblk1_2__U/CSB2
          Clock: (R) rclk

                     Capture       Launch     
        Clock Edge:+    2000            0     
       Src Latency:+       0            0     
       Net Latency:+       0 (I)        0 (I) 
           Arrival:=    2000            0     
                                              
             Setup:-      92                  
     Required Time:=    1908                  
      Launch Clock:-       0                  
         Data Path:-     320                  
             Slack:=    1587                  

#--------------------------------------------------------------------------
# Delay Arrival Trans Fanout Load     Cell            Timing Point         
#  (ps)   (ps)   (ps)        (fF)                                          
#--------------------------------------------------------------------------
      0       0     0     52    -  (arrival)    rptr_empty/rbin_reg_7_/CLK 
    188     188    56      6  3.9  SDFFARX1_RVT rptr_empty/rbin_reg_7_/Q   
     26     214    33      2  1.0  INVX1_RVT    fifomem/g147/Y             
     54     268    55      2  1.4  NAND2X0_RVT  fifomem/g142__7482/Y       
     53     320    22      1  0.0  OR2X1_RVT    fifomem/g135__5122/Y       
      0     320     -      1    -  SRAM2RW128x8 fifomem/genblk1_2__U/CSB2  
#--------------------------------------------------------------------------

(P) : Instance is preserved



Path 118: MET (1587 ps) Setup Check with Pin fifomem/genblk1_2__U/CE1->CSB1
          Group: wclk
     Startpoint: (R) wptr_full/wbin_reg_7_/CLK
          Clock: (R) wclk
       Endpoint: (R) fifomem/genblk1_2__U/CSB1
          Clock: (R) wclk

                     Capture       Launch     
        Clock Edge:+    2000            0     
       Src Latency:+       0            0     
       Net Latency:+       0 (I)        0 (I) 
           Arrival:=    2000            0     
                                              
             Setup:-      92                  
     Required Time:=    1908                  
      Launch Clock:-       0                  
         Data Path:-     320                  
             Slack:=    1587                  

#-------------------------------------------------------------------------
# Delay Arrival Trans Fanout Load     Cell            Timing Point        
#  (ps)   (ps)   (ps)        (fF)                                         
#-------------------------------------------------------------------------
      0       0     0     52    -  (arrival)    wptr_full/wbin_reg_7_/CLK 
    188     188    56      6  3.9  SDFFARX1_RVT wptr_full/wbin_reg_7_/Q   
     26     214    33      2  1.0  INVX1_RVT    fifomem/g130/Y            
     54     268    55      2  1.4  NAND2X0_RVT  fifomem/g125__5526/Y      
     53     320    22      1  0.0  OR2X1_RVT    fifomem/g118__5477/Y      
      0     320     -      1    -  SRAM2RW128x8 fifomem/genblk1_2__U/CSB1 
#-------------------------------------------------------------------------

(P) : Instance is preserved



Path 119: MET (1588 ps) Setup Check with Pin fifomem/genblk1_6__U/CE2->CSB2
          Group: rclk
     Startpoint: (R) rptr_empty/rbin_reg_7_/CLK
          Clock: (R) rclk
       Endpoint: (R) fifomem/genblk1_6__U/CSB2
          Clock: (R) rclk

                     Capture       Launch     
        Clock Edge:+    2000            0     
       Src Latency:+       0            0     
       Net Latency:+       0 (I)        0 (I) 
           Arrival:=    2000            0     
                                              
             Setup:-      91                  
     Required Time:=    1909                  
      Launch Clock:-       0                  
         Data Path:-     320                  
             Slack:=    1588                  

#--------------------------------------------------------------------------
# Delay Arrival Trans Fanout Load     Cell            Timing Point         
#  (ps)   (ps)   (ps)        (fF)                                          
#--------------------------------------------------------------------------
      0       0     0     52    -  (arrival)    rptr_empty/rbin_reg_7_/CLK 
    188     188    56      6  3.9  SDFFARX1_RVT rptr_empty/rbin_reg_7_/Q   
     26     214    33      2  1.0  INVX1_RVT    fifomem/g147/Y             
     54     268    55      2  1.4  NAND2X0_RVT  fifomem/g142__7482/Y       
     53     320    20      1  0.0  OR2X1_RVT    fifomem/g137__7098/Y       
      0     320     -      1    -  SRAM2RW128x8 fifomem/genblk1_6__U/CSB2  
#--------------------------------------------------------------------------

(P) : Instance is preserved



Path 120: MET (1588 ps) Setup Check with Pin fifomem/genblk1_6__U/CE1->CSB1
          Group: wclk
     Startpoint: (R) wptr_full/wbin_reg_7_/CLK
          Clock: (R) wclk
       Endpoint: (R) fifomem/genblk1_6__U/CSB1
          Clock: (R) wclk

                     Capture       Launch     
        Clock Edge:+    2000            0     
       Src Latency:+       0            0     
       Net Latency:+       0 (I)        0 (I) 
           Arrival:=    2000            0     
                                              
             Setup:-      91                  
     Required Time:=    1909                  
      Launch Clock:-       0                  
         Data Path:-     320                  
             Slack:=    1588                  

#-------------------------------------------------------------------------
# Delay Arrival Trans Fanout Load     Cell            Timing Point        
#  (ps)   (ps)   (ps)        (fF)                                         
#-------------------------------------------------------------------------
      0       0     0     52    -  (arrival)    wptr_full/wbin_reg_7_/CLK 
    188     188    56      6  3.9  SDFFARX1_RVT wptr_full/wbin_reg_7_/Q   
     26     214    33      2  1.0  INVX1_RVT    fifomem/g130/Y            
     54     268    55      2  1.4  NAND2X0_RVT  fifomem/g125__5526/Y      
     53     320    20      1  0.0  OR2X1_RVT    fifomem/g120__5107/Y      
      0     320     -      1    -  SRAM2RW128x8 fifomem/genblk1_6__U/CSB1 
#-------------------------------------------------------------------------

(P) : Instance is preserved



Path 121: MET (1625 ps) Setup Check with Pin fifomem/genblk1_3__U/CE2->CSB2
          Group: rclk
     Startpoint: (R) rptr_empty/rbin_reg_7_/CLK
          Clock: (R) rclk
       Endpoint: (R) fifomem/genblk1_3__U/CSB2
          Clock: (R) rclk

                     Capture       Launch     
        Clock Edge:+    2000            0     
       Src Latency:+       0            0     
       Net Latency:+       0 (I)        0 (I) 
           Arrival:=    2000            0     
                                              
             Setup:-      92                  
     Required Time:=    1908                  
      Launch Clock:-       0                  
         Data Path:-     283                  
             Slack:=    1625                  

#--------------------------------------------------------------------------
# Delay Arrival Trans Fanout Load     Cell            Timing Point         
#  (ps)   (ps)   (ps)        (fF)                                          
#--------------------------------------------------------------------------
      0       0     0     52    -  (arrival)    rptr_empty/rbin_reg_7_/CLK 
    180     180    53      6  3.9  SDFFARX1_RVT rptr_empty/rbin_reg_7_/Q   
     53     233    44      1  0.7  NAND2X0_RVT  fifomem/g145__6161/Y       
     50     283    22      1  0.0  OR2X1_RVT    fifomem/g133__2802/Y       
      0     283     -      1    -  SRAM2RW128x8 fifomem/genblk1_3__U/CSB2  
#--------------------------------------------------------------------------

(P) : Instance is preserved



Path 122: MET (1625 ps) Setup Check with Pin fifomem/genblk1_3__U/CE1->CSB1
          Group: wclk
     Startpoint: (R) wptr_full/wbin_reg_7_/CLK
          Clock: (R) wclk
       Endpoint: (R) fifomem/genblk1_3__U/CSB1
          Clock: (R) wclk

                     Capture       Launch     
        Clock Edge:+    2000            0     
       Src Latency:+       0            0     
       Net Latency:+       0 (I)        0 (I) 
           Arrival:=    2000            0     
                                              
             Setup:-      92                  
     Required Time:=    1908                  
      Launch Clock:-       0                  
         Data Path:-     283                  
             Slack:=    1625                  

#-------------------------------------------------------------------------
# Delay Arrival Trans Fanout Load     Cell            Timing Point        
#  (ps)   (ps)   (ps)        (fF)                                         
#-------------------------------------------------------------------------
      0       0     0     52    -  (arrival)    wptr_full/wbin_reg_7_/CLK 
    180     180    53      6  3.9  SDFFARX1_RVT wptr_full/wbin_reg_7_/Q   
     53     233    44      1  0.7  NAND2X0_RVT  fifomem/g128__3680/Y      
     50     283    22      1  0.0  OR2X1_RVT    fifomem/g116__7410/Y      
      0     283     -      1    -  SRAM2RW128x8 fifomem/genblk1_3__U/CSB1 
#-------------------------------------------------------------------------

(P) : Instance is preserved



Path 123: MET (1662 ps) Setup Check with Pin fifomem/genblk1_7__U/CE2->CSB2
          Group: rclk
     Startpoint: (R) rptr_empty/rbin_reg_9_/CLK
          Clock: (R) rclk
       Endpoint: (F) fifomem/genblk1_7__U/CSB2
          Clock: (R) rclk

                     Capture       Launch     
        Clock Edge:+    2000            0     
       Src Latency:+       0            0     
       Net Latency:+       0 (I)        0 (I) 
           Arrival:=    2000            0     
                                              
             Setup:-     102                  
     Required Time:=    1898                  
      Launch Clock:-       0                  
         Data Path:-     235                  
             Slack:=    1662                  

#--------------------------------------------------------------------------
# Delay Arrival Trans Fanout Load     Cell            Timing Point         
#  (ps)   (ps)   (ps)        (fF)                                          
#--------------------------------------------------------------------------
      0       0     0     52    -  (arrival)    rptr_empty/rbin_reg_9_/CLK 
    201     201    72     10  6.1  SDFFARX1_RVT rptr_empty/rbin_reg_9_/Q   
     34     235    47      1  0.0  NAND3X0_RVT  fifomem/g139__1881/Y       
      0     235     -      1    -  SRAM2RW128x8 fifomem/genblk1_7__U/CSB2  
#--------------------------------------------------------------------------

(P) : Instance is preserved



Path 124: MET (1662 ps) Setup Check with Pin fifomem/genblk1_7__U/CE1->CSB1
          Group: wclk
     Startpoint: (R) wptr_full/wbin_reg_9_/CLK
          Clock: (R) wclk
       Endpoint: (F) fifomem/genblk1_7__U/CSB1
          Clock: (R) wclk

                     Capture       Launch     
        Clock Edge:+    2000            0     
       Src Latency:+       0            0     
       Net Latency:+       0 (I)        0 (I) 
           Arrival:=    2000            0     
                                              
             Setup:-     102                  
     Required Time:=    1898                  
      Launch Clock:-       0                  
         Data Path:-     235                  
             Slack:=    1662                  

#-------------------------------------------------------------------------
# Delay Arrival Trans Fanout Load     Cell            Timing Point        
#  (ps)   (ps)   (ps)        (fF)                                         
#-------------------------------------------------------------------------
      0       0     0     52    -  (arrival)    wptr_full/wbin_reg_9_/CLK 
    201     201    72     10  6.1  SDFFARX1_RVT wptr_full/wbin_reg_9_/Q   
     34     235    47      1  0.0  NAND3X0_RVT  fifomem/g122__4319/Y      
      0     235     -      1    -  SRAM2RW128x8 fifomem/genblk1_7__U/CSB1 
#-------------------------------------------------------------------------

(P) : Instance is preserved



Path 125: MET (1709 ps) Setup Check with Pin sync_w2r/rq2_wptr_reg_4_/CLK->D
          Group: rclk
     Startpoint: (R) sync_w2r/rq1_wptr_reg_4_/CLK
          Clock: (R) rclk
       Endpoint: (R) sync_w2r/rq2_wptr_reg_4_/D
          Clock: (R) rclk

                     Capture       Launch     
        Clock Edge:+    2000            0     
       Src Latency:+       0            0     
       Net Latency:+       0 (I)        0 (I) 
           Arrival:=    2000            0     
                                              
             Setup:-     128                  
     Required Time:=    1872                  
      Launch Clock:-       0                  
         Data Path:-     163                  
             Slack:=    1709                  

#----------------------------------------------------------------------------
# Delay Arrival Trans Fanout Load     Cell             Timing Point          
#  (ps)   (ps)   (ps)        (fF)                                            
#----------------------------------------------------------------------------
      0       0     0     52    -  (arrival)    sync_w2r/rq1_wptr_reg_4_/CLK 
    163     163    30      1  0.5  SDFFARX1_RVT sync_w2r/rq1_wptr_reg_4_/Q   
      0     163     -      1    -  SDFFARX1_RVT sync_w2r/rq2_wptr_reg_4_/D   
#----------------------------------------------------------------------------



Path 126: MET (1709 ps) Setup Check with Pin sync_w2r/rq2_wptr_reg_5_/CLK->D
          Group: rclk
     Startpoint: (R) sync_w2r/rq1_wptr_reg_5_/CLK
          Clock: (R) rclk
       Endpoint: (R) sync_w2r/rq2_wptr_reg_5_/D
          Clock: (R) rclk

                     Capture       Launch     
        Clock Edge:+    2000            0     
       Src Latency:+       0            0     
       Net Latency:+       0 (I)        0 (I) 
           Arrival:=    2000            0     
                                              
             Setup:-     128                  
     Required Time:=    1872                  
      Launch Clock:-       0                  
         Data Path:-     163                  
             Slack:=    1709                  

#----------------------------------------------------------------------------
# Delay Arrival Trans Fanout Load     Cell             Timing Point          
#  (ps)   (ps)   (ps)        (fF)                                            
#----------------------------------------------------------------------------
      0       0     0     52    -  (arrival)    sync_w2r/rq1_wptr_reg_5_/CLK 
    163     163    30      1  0.5  SDFFARX1_RVT sync_w2r/rq1_wptr_reg_5_/Q   
      0     163     -      1    -  SDFFARX1_RVT sync_w2r/rq2_wptr_reg_5_/D   
#----------------------------------------------------------------------------



Path 127: MET (1709 ps) Setup Check with Pin sync_w2r/rq2_wptr_reg_8_/CLK->D
          Group: rclk
     Startpoint: (R) sync_w2r/rq1_wptr_reg_8_/CLK
          Clock: (R) rclk
       Endpoint: (R) sync_w2r/rq2_wptr_reg_8_/D
          Clock: (R) rclk

                     Capture       Launch     
        Clock Edge:+    2000            0     
       Src Latency:+       0            0     
       Net Latency:+       0 (I)        0 (I) 
           Arrival:=    2000            0     
                                              
             Setup:-     128                  
     Required Time:=    1872                  
      Launch Clock:-       0                  
         Data Path:-     163                  
             Slack:=    1709                  

#----------------------------------------------------------------------------
# Delay Arrival Trans Fanout Load     Cell             Timing Point          
#  (ps)   (ps)   (ps)        (fF)                                            
#----------------------------------------------------------------------------
      0       0     0     52    -  (arrival)    sync_w2r/rq1_wptr_reg_8_/CLK 
    163     163    30      1  0.5  SDFFARX1_RVT sync_w2r/rq1_wptr_reg_8_/Q   
      0     163     -      1    -  SDFFARX1_RVT sync_w2r/rq2_wptr_reg_8_/D   
#----------------------------------------------------------------------------



Path 128: MET (1709 ps) Setup Check with Pin sync_w2r/rq2_wptr_reg_0_/CLK->D
          Group: rclk
     Startpoint: (R) sync_w2r/rq1_wptr_reg_0_/CLK
          Clock: (R) rclk
       Endpoint: (R) sync_w2r/rq2_wptr_reg_0_/D
          Clock: (R) rclk

                     Capture       Launch     
        Clock Edge:+    2000            0     
       Src Latency:+       0            0     
       Net Latency:+       0 (I)        0 (I) 
           Arrival:=    2000            0     
                                              
             Setup:-     128                  
     Required Time:=    1872                  
      Launch Clock:-       0                  
         Data Path:-     163                  
             Slack:=    1709                  

#----------------------------------------------------------------------------
# Delay Arrival Trans Fanout Load     Cell             Timing Point          
#  (ps)   (ps)   (ps)        (fF)                                            
#----------------------------------------------------------------------------
      0       0     0     52    -  (arrival)    sync_w2r/rq1_wptr_reg_0_/CLK 
    163     163    30      1  0.5  SDFFARX1_RVT sync_w2r/rq1_wptr_reg_0_/Q   
      0     163     -      1    -  SDFFARX1_RVT sync_w2r/rq2_wptr_reg_0_/D   
#----------------------------------------------------------------------------



Path 129: MET (1709 ps) Setup Check with Pin sync_w2r/rq2_wptr_reg_1_/CLK->D
          Group: rclk
     Startpoint: (R) sync_w2r/rq1_wptr_reg_1_/CLK
          Clock: (R) rclk
       Endpoint: (R) sync_w2r/rq2_wptr_reg_1_/D
          Clock: (R) rclk

                     Capture       Launch     
        Clock Edge:+    2000            0     
       Src Latency:+       0            0     
       Net Latency:+       0 (I)        0 (I) 
           Arrival:=    2000            0     
                                              
             Setup:-     128                  
     Required Time:=    1872                  
      Launch Clock:-       0                  
         Data Path:-     163                  
             Slack:=    1709                  

#----------------------------------------------------------------------------
# Delay Arrival Trans Fanout Load     Cell             Timing Point          
#  (ps)   (ps)   (ps)        (fF)                                            
#----------------------------------------------------------------------------
      0       0     0     52    -  (arrival)    sync_w2r/rq1_wptr_reg_1_/CLK 
    163     163    30      1  0.5  SDFFARX1_RVT sync_w2r/rq1_wptr_reg_1_/Q   
      0     163     -      1    -  SDFFARX1_RVT sync_w2r/rq2_wptr_reg_1_/D   
#----------------------------------------------------------------------------



Path 130: MET (1709 ps) Setup Check with Pin sync_w2r/rq2_wptr_reg_6_/CLK->D
          Group: rclk
     Startpoint: (R) sync_w2r/rq1_wptr_reg_6_/CLK
          Clock: (R) rclk
       Endpoint: (R) sync_w2r/rq2_wptr_reg_6_/D
          Clock: (R) rclk

                     Capture       Launch     
        Clock Edge:+    2000            0     
       Src Latency:+       0            0     
       Net Latency:+       0 (I)        0 (I) 
           Arrival:=    2000            0     
                                              
             Setup:-     128                  
     Required Time:=    1872                  
      Launch Clock:-       0                  
         Data Path:-     163                  
             Slack:=    1709                  

#----------------------------------------------------------------------------
# Delay Arrival Trans Fanout Load     Cell             Timing Point          
#  (ps)   (ps)   (ps)        (fF)                                            
#----------------------------------------------------------------------------
      0       0     0     52    -  (arrival)    sync_w2r/rq1_wptr_reg_6_/CLK 
    163     163    30      1  0.5  SDFFARX1_RVT sync_w2r/rq1_wptr_reg_6_/Q   
      0     163     -      1    -  SDFFARX1_RVT sync_w2r/rq2_wptr_reg_6_/D   
#----------------------------------------------------------------------------



Path 131: MET (1709 ps) Setup Check with Pin sync_w2r/rq2_wptr_reg_2_/CLK->D
          Group: rclk
     Startpoint: (R) sync_w2r/rq1_wptr_reg_2_/CLK
          Clock: (R) rclk
       Endpoint: (R) sync_w2r/rq2_wptr_reg_2_/D
          Clock: (R) rclk

                     Capture       Launch     
        Clock Edge:+    2000            0     
       Src Latency:+       0            0     
       Net Latency:+       0 (I)        0 (I) 
           Arrival:=    2000            0     
                                              
             Setup:-     128                  
     Required Time:=    1872                  
      Launch Clock:-       0                  
         Data Path:-     163                  
             Slack:=    1709                  

#----------------------------------------------------------------------------
# Delay Arrival Trans Fanout Load     Cell             Timing Point          
#  (ps)   (ps)   (ps)        (fF)                                            
#----------------------------------------------------------------------------
      0       0     0     52    -  (arrival)    sync_w2r/rq1_wptr_reg_2_/CLK 
    163     163    30      1  0.5  SDFFARX1_RVT sync_w2r/rq1_wptr_reg_2_/Q   
      0     163     -      1    -  SDFFARX1_RVT sync_w2r/rq2_wptr_reg_2_/D   
#----------------------------------------------------------------------------



Path 132: MET (1709 ps) Setup Check with Pin sync_w2r/rq2_wptr_reg_3_/CLK->D
          Group: rclk
     Startpoint: (R) sync_w2r/rq1_wptr_reg_3_/CLK
          Clock: (R) rclk
       Endpoint: (R) sync_w2r/rq2_wptr_reg_3_/D
          Clock: (R) rclk

                     Capture       Launch     
        Clock Edge:+    2000            0     
       Src Latency:+       0            0     
       Net Latency:+       0 (I)        0 (I) 
           Arrival:=    2000            0     
                                              
             Setup:-     128                  
     Required Time:=    1872                  
      Launch Clock:-       0                  
         Data Path:-     163                  
             Slack:=    1709                  

#----------------------------------------------------------------------------
# Delay Arrival Trans Fanout Load     Cell             Timing Point          
#  (ps)   (ps)   (ps)        (fF)                                            
#----------------------------------------------------------------------------
      0       0     0     52    -  (arrival)    sync_w2r/rq1_wptr_reg_3_/CLK 
    163     163    30      1  0.5  SDFFARX1_RVT sync_w2r/rq1_wptr_reg_3_/Q   
      0     163     -      1    -  SDFFARX1_RVT sync_w2r/rq2_wptr_reg_3_/D   
#----------------------------------------------------------------------------



Path 133: MET (1709 ps) Setup Check with Pin sync_w2r/rq2_wptr_reg_10_/CLK->D
          Group: rclk
     Startpoint: (R) sync_w2r/rq1_wptr_reg_10_/CLK
          Clock: (R) rclk
       Endpoint: (R) sync_w2r/rq2_wptr_reg_10_/D
          Clock: (R) rclk

                     Capture       Launch     
        Clock Edge:+    2000            0     
       Src Latency:+       0            0     
       Net Latency:+       0 (I)        0 (I) 
           Arrival:=    2000            0     
                                              
             Setup:-     128                  
     Required Time:=    1872                  
      Launch Clock:-       0                  
         Data Path:-     163                  
             Slack:=    1709                  

#-----------------------------------------------------------------------------
# Delay Arrival Trans Fanout Load     Cell              Timing Point          
#  (ps)   (ps)   (ps)        (fF)                                             
#-----------------------------------------------------------------------------
      0       0     0     52    -  (arrival)    sync_w2r/rq1_wptr_reg_10_/CLK 
    163     163    30      1  0.5  SDFFARX1_RVT sync_w2r/rq1_wptr_reg_10_/Q   
      0     163     -      1    -  SDFFARX1_RVT sync_w2r/rq2_wptr_reg_10_/D   
#-----------------------------------------------------------------------------



Path 134: MET (1709 ps) Setup Check with Pin sync_w2r/rq2_wptr_reg_9_/CLK->D
          Group: rclk
     Startpoint: (R) sync_w2r/rq1_wptr_reg_9_/CLK
          Clock: (R) rclk
       Endpoint: (R) sync_w2r/rq2_wptr_reg_9_/D
          Clock: (R) rclk

                     Capture       Launch     
        Clock Edge:+    2000            0     
       Src Latency:+       0            0     
       Net Latency:+       0 (I)        0 (I) 
           Arrival:=    2000            0     
                                              
             Setup:-     128                  
     Required Time:=    1872                  
      Launch Clock:-       0                  
         Data Path:-     163                  
             Slack:=    1709                  

#----------------------------------------------------------------------------
# Delay Arrival Trans Fanout Load     Cell             Timing Point          
#  (ps)   (ps)   (ps)        (fF)                                            
#----------------------------------------------------------------------------
      0       0     0     52    -  (arrival)    sync_w2r/rq1_wptr_reg_9_/CLK 
    163     163    30      1  0.5  SDFFARX1_RVT sync_w2r/rq1_wptr_reg_9_/Q   
      0     163     -      1    -  SDFFARX1_RVT sync_w2r/rq2_wptr_reg_9_/D   
#----------------------------------------------------------------------------



Path 135: MET (1709 ps) Setup Check with Pin sync_w2r/rq2_wptr_reg_7_/CLK->D
          Group: rclk
     Startpoint: (R) sync_w2r/rq1_wptr_reg_7_/CLK
          Clock: (R) rclk
       Endpoint: (R) sync_w2r/rq2_wptr_reg_7_/D
          Clock: (R) rclk

                     Capture       Launch     
        Clock Edge:+    2000            0     
       Src Latency:+       0            0     
       Net Latency:+       0 (I)        0 (I) 
           Arrival:=    2000            0     
                                              
             Setup:-     128                  
     Required Time:=    1872                  
      Launch Clock:-       0                  
         Data Path:-     163                  
             Slack:=    1709                  

#----------------------------------------------------------------------------
# Delay Arrival Trans Fanout Load     Cell             Timing Point          
#  (ps)   (ps)   (ps)        (fF)                                            
#----------------------------------------------------------------------------
      0       0     0     52    -  (arrival)    sync_w2r/rq1_wptr_reg_7_/CLK 
    163     163    30      1  0.5  SDFFARX1_RVT sync_w2r/rq1_wptr_reg_7_/Q   
      0     163     -      1    -  SDFFARX1_RVT sync_w2r/rq2_wptr_reg_7_/D   
#----------------------------------------------------------------------------



Path 136: MET (1709 ps) Setup Check with Pin sync_r2w/wq2_rptr_reg_4_/CLK->D
          Group: wclk
     Startpoint: (R) sync_r2w/wq1_rptr_reg_4_/CLK
          Clock: (R) wclk
       Endpoint: (R) sync_r2w/wq2_rptr_reg_4_/D
          Clock: (R) wclk

                     Capture       Launch     
        Clock Edge:+    2000            0     
       Src Latency:+       0            0     
       Net Latency:+       0 (I)        0 (I) 
           Arrival:=    2000            0     
                                              
             Setup:-     128                  
     Required Time:=    1872                  
      Launch Clock:-       0                  
         Data Path:-     163                  
             Slack:=    1709                  

#----------------------------------------------------------------------------
# Delay Arrival Trans Fanout Load     Cell             Timing Point          
#  (ps)   (ps)   (ps)        (fF)                                            
#----------------------------------------------------------------------------
      0       0     0     52    -  (arrival)    sync_r2w/wq1_rptr_reg_4_/CLK 
    163     163    30      1  0.5  SDFFARX1_RVT sync_r2w/wq1_rptr_reg_4_/Q   
      0     163     -      1    -  SDFFARX1_RVT sync_r2w/wq2_rptr_reg_4_/D   
#----------------------------------------------------------------------------



Path 137: MET (1709 ps) Setup Check with Pin sync_r2w/wq2_rptr_reg_5_/CLK->D
          Group: wclk
     Startpoint: (R) sync_r2w/wq1_rptr_reg_5_/CLK
          Clock: (R) wclk
       Endpoint: (R) sync_r2w/wq2_rptr_reg_5_/D
          Clock: (R) wclk

                     Capture       Launch     
        Clock Edge:+    2000            0     
       Src Latency:+       0            0     
       Net Latency:+       0 (I)        0 (I) 
           Arrival:=    2000            0     
                                              
             Setup:-     128                  
     Required Time:=    1872                  
      Launch Clock:-       0                  
         Data Path:-     163                  
             Slack:=    1709                  

#----------------------------------------------------------------------------
# Delay Arrival Trans Fanout Load     Cell             Timing Point          
#  (ps)   (ps)   (ps)        (fF)                                            
#----------------------------------------------------------------------------
      0       0     0     52    -  (arrival)    sync_r2w/wq1_rptr_reg_5_/CLK 
    163     163    30      1  0.5  SDFFARX1_RVT sync_r2w/wq1_rptr_reg_5_/Q   
      0     163     -      1    -  SDFFARX1_RVT sync_r2w/wq2_rptr_reg_5_/D   
#----------------------------------------------------------------------------



Path 138: MET (1709 ps) Setup Check with Pin sync_r2w/wq2_rptr_reg_8_/CLK->D
          Group: wclk
     Startpoint: (R) sync_r2w/wq1_rptr_reg_8_/CLK
          Clock: (R) wclk
       Endpoint: (R) sync_r2w/wq2_rptr_reg_8_/D
          Clock: (R) wclk

                     Capture       Launch     
        Clock Edge:+    2000            0     
       Src Latency:+       0            0     
       Net Latency:+       0 (I)        0 (I) 
           Arrival:=    2000            0     
                                              
             Setup:-     128                  
     Required Time:=    1872                  
      Launch Clock:-       0                  
         Data Path:-     163                  
             Slack:=    1709                  

#----------------------------------------------------------------------------
# Delay Arrival Trans Fanout Load     Cell             Timing Point          
#  (ps)   (ps)   (ps)        (fF)                                            
#----------------------------------------------------------------------------
      0       0     0     52    -  (arrival)    sync_r2w/wq1_rptr_reg_8_/CLK 
    163     163    30      1  0.5  SDFFARX1_RVT sync_r2w/wq1_rptr_reg_8_/Q   
      0     163     -      1    -  SDFFARX1_RVT sync_r2w/wq2_rptr_reg_8_/D   
#----------------------------------------------------------------------------



Path 139: MET (1709 ps) Setup Check with Pin sync_r2w/wq2_rptr_reg_0_/CLK->D
          Group: wclk
     Startpoint: (R) sync_r2w/wq1_rptr_reg_0_/CLK
          Clock: (R) wclk
       Endpoint: (R) sync_r2w/wq2_rptr_reg_0_/D
          Clock: (R) wclk

                     Capture       Launch     
        Clock Edge:+    2000            0     
       Src Latency:+       0            0     
       Net Latency:+       0 (I)        0 (I) 
           Arrival:=    2000            0     
                                              
             Setup:-     128                  
     Required Time:=    1872                  
      Launch Clock:-       0                  
         Data Path:-     163                  
             Slack:=    1709                  

#----------------------------------------------------------------------------
# Delay Arrival Trans Fanout Load     Cell             Timing Point          
#  (ps)   (ps)   (ps)        (fF)                                            
#----------------------------------------------------------------------------
      0       0     0     52    -  (arrival)    sync_r2w/wq1_rptr_reg_0_/CLK 
    163     163    30      1  0.5  SDFFARX1_RVT sync_r2w/wq1_rptr_reg_0_/Q   
      0     163     -      1    -  SDFFARX1_RVT sync_r2w/wq2_rptr_reg_0_/D   
#----------------------------------------------------------------------------



Path 140: MET (1709 ps) Setup Check with Pin sync_r2w/wq2_rptr_reg_1_/CLK->D
          Group: wclk
     Startpoint: (R) sync_r2w/wq1_rptr_reg_1_/CLK
          Clock: (R) wclk
       Endpoint: (R) sync_r2w/wq2_rptr_reg_1_/D
          Clock: (R) wclk

                     Capture       Launch     
        Clock Edge:+    2000            0     
       Src Latency:+       0            0     
       Net Latency:+       0 (I)        0 (I) 
           Arrival:=    2000            0     
                                              
             Setup:-     128                  
     Required Time:=    1872                  
      Launch Clock:-       0                  
         Data Path:-     163                  
             Slack:=    1709                  

#----------------------------------------------------------------------------
# Delay Arrival Trans Fanout Load     Cell             Timing Point          
#  (ps)   (ps)   (ps)        (fF)                                            
#----------------------------------------------------------------------------
      0       0     0     52    -  (arrival)    sync_r2w/wq1_rptr_reg_1_/CLK 
    163     163    30      1  0.5  SDFFARX1_RVT sync_r2w/wq1_rptr_reg_1_/Q   
      0     163     -      1    -  SDFFARX1_RVT sync_r2w/wq2_rptr_reg_1_/D   
#----------------------------------------------------------------------------



Path 141: MET (1709 ps) Setup Check with Pin sync_r2w/wq2_rptr_reg_6_/CLK->D
          Group: wclk
     Startpoint: (R) sync_r2w/wq1_rptr_reg_6_/CLK
          Clock: (R) wclk
       Endpoint: (R) sync_r2w/wq2_rptr_reg_6_/D
          Clock: (R) wclk

                     Capture       Launch     
        Clock Edge:+    2000            0     
       Src Latency:+       0            0     
       Net Latency:+       0 (I)        0 (I) 
           Arrival:=    2000            0     
                                              
             Setup:-     128                  
     Required Time:=    1872                  
      Launch Clock:-       0                  
         Data Path:-     163                  
             Slack:=    1709                  

#----------------------------------------------------------------------------
# Delay Arrival Trans Fanout Load     Cell             Timing Point          
#  (ps)   (ps)   (ps)        (fF)                                            
#----------------------------------------------------------------------------
      0       0     0     52    -  (arrival)    sync_r2w/wq1_rptr_reg_6_/CLK 
    163     163    30      1  0.5  SDFFARX1_RVT sync_r2w/wq1_rptr_reg_6_/Q   
      0     163     -      1    -  SDFFARX1_RVT sync_r2w/wq2_rptr_reg_6_/D   
#----------------------------------------------------------------------------



Path 142: MET (1709 ps) Setup Check with Pin sync_r2w/wq2_rptr_reg_2_/CLK->D
          Group: wclk
     Startpoint: (R) sync_r2w/wq1_rptr_reg_2_/CLK
          Clock: (R) wclk
       Endpoint: (R) sync_r2w/wq2_rptr_reg_2_/D
          Clock: (R) wclk

                     Capture       Launch     
        Clock Edge:+    2000            0     
       Src Latency:+       0            0     
       Net Latency:+       0 (I)        0 (I) 
           Arrival:=    2000            0     
                                              
             Setup:-     128                  
     Required Time:=    1872                  
      Launch Clock:-       0                  
         Data Path:-     163                  
             Slack:=    1709                  

#----------------------------------------------------------------------------
# Delay Arrival Trans Fanout Load     Cell             Timing Point          
#  (ps)   (ps)   (ps)        (fF)                                            
#----------------------------------------------------------------------------
      0       0     0     52    -  (arrival)    sync_r2w/wq1_rptr_reg_2_/CLK 
    163     163    30      1  0.5  SDFFARX1_RVT sync_r2w/wq1_rptr_reg_2_/Q   
      0     163     -      1    -  SDFFARX1_RVT sync_r2w/wq2_rptr_reg_2_/D   
#----------------------------------------------------------------------------



Path 143: MET (1709 ps) Setup Check with Pin sync_r2w/wq2_rptr_reg_3_/CLK->D
          Group: wclk
     Startpoint: (R) sync_r2w/wq1_rptr_reg_3_/CLK
          Clock: (R) wclk
       Endpoint: (R) sync_r2w/wq2_rptr_reg_3_/D
          Clock: (R) wclk

                     Capture       Launch     
        Clock Edge:+    2000            0     
       Src Latency:+       0            0     
       Net Latency:+       0 (I)        0 (I) 
           Arrival:=    2000            0     
                                              
             Setup:-     128                  
     Required Time:=    1872                  
      Launch Clock:-       0                  
         Data Path:-     163                  
             Slack:=    1709                  

#----------------------------------------------------------------------------
# Delay Arrival Trans Fanout Load     Cell             Timing Point          
#  (ps)   (ps)   (ps)        (fF)                                            
#----------------------------------------------------------------------------
      0       0     0     52    -  (arrival)    sync_r2w/wq1_rptr_reg_3_/CLK 
    163     163    30      1  0.5  SDFFARX1_RVT sync_r2w/wq1_rptr_reg_3_/Q   
      0     163     -      1    -  SDFFARX1_RVT sync_r2w/wq2_rptr_reg_3_/D   
#----------------------------------------------------------------------------



Path 144: MET (1709 ps) Setup Check with Pin sync_r2w/wq2_rptr_reg_10_/CLK->D
          Group: wclk
     Startpoint: (R) sync_r2w/wq1_rptr_reg_10_/CLK
          Clock: (R) wclk
       Endpoint: (R) sync_r2w/wq2_rptr_reg_10_/D
          Clock: (R) wclk

                     Capture       Launch     
        Clock Edge:+    2000            0     
       Src Latency:+       0            0     
       Net Latency:+       0 (I)        0 (I) 
           Arrival:=    2000            0     
                                              
             Setup:-     128                  
     Required Time:=    1872                  
      Launch Clock:-       0                  
         Data Path:-     163                  
             Slack:=    1709                  

#-----------------------------------------------------------------------------
# Delay Arrival Trans Fanout Load     Cell              Timing Point          
#  (ps)   (ps)   (ps)        (fF)                                             
#-----------------------------------------------------------------------------
      0       0     0     52    -  (arrival)    sync_r2w/wq1_rptr_reg_10_/CLK 
    163     163    30      1  0.5  SDFFARX1_RVT sync_r2w/wq1_rptr_reg_10_/Q   
      0     163     -      1    -  SDFFARX1_RVT sync_r2w/wq2_rptr_reg_10_/D   
#-----------------------------------------------------------------------------



Path 145: MET (1709 ps) Setup Check with Pin sync_r2w/wq2_rptr_reg_9_/CLK->D
          Group: wclk
     Startpoint: (R) sync_r2w/wq1_rptr_reg_9_/CLK
          Clock: (R) wclk
       Endpoint: (R) sync_r2w/wq2_rptr_reg_9_/D
          Clock: (R) wclk

                     Capture       Launch     
        Clock Edge:+    2000            0     
       Src Latency:+       0            0     
       Net Latency:+       0 (I)        0 (I) 
           Arrival:=    2000            0     
                                              
             Setup:-     128                  
     Required Time:=    1872                  
      Launch Clock:-       0                  
         Data Path:-     163                  
             Slack:=    1709                  

#----------------------------------------------------------------------------
# Delay Arrival Trans Fanout Load     Cell             Timing Point          
#  (ps)   (ps)   (ps)        (fF)                                            
#----------------------------------------------------------------------------
      0       0     0     52    -  (arrival)    sync_r2w/wq1_rptr_reg_9_/CLK 
    163     163    30      1  0.5  SDFFARX1_RVT sync_r2w/wq1_rptr_reg_9_/Q   
      0     163     -      1    -  SDFFARX1_RVT sync_r2w/wq2_rptr_reg_9_/D   
#----------------------------------------------------------------------------



Path 146: MET (1709 ps) Setup Check with Pin sync_r2w/wq2_rptr_reg_7_/CLK->D
          Group: wclk
     Startpoint: (R) sync_r2w/wq1_rptr_reg_7_/CLK
          Clock: (R) wclk
       Endpoint: (R) sync_r2w/wq2_rptr_reg_7_/D
          Clock: (R) wclk

                     Capture       Launch     
        Clock Edge:+    2000            0     
       Src Latency:+       0            0     
       Net Latency:+       0 (I)        0 (I) 
           Arrival:=    2000            0     
                                              
             Setup:-     128                  
     Required Time:=    1872                  
      Launch Clock:-       0                  
         Data Path:-     163                  
             Slack:=    1709                  

#----------------------------------------------------------------------------
# Delay Arrival Trans Fanout Load     Cell             Timing Point          
#  (ps)   (ps)   (ps)        (fF)                                            
#----------------------------------------------------------------------------
      0       0     0     52    -  (arrival)    sync_r2w/wq1_rptr_reg_7_/CLK 
    163     163    30      1  0.5  SDFFARX1_RVT sync_r2w/wq1_rptr_reg_7_/Q   
      0     163     -      1    -  SDFFARX1_RVT sync_r2w/wq2_rptr_reg_7_/D   
#----------------------------------------------------------------------------



Path 147: MET (1871 ps) Setup Check with Pin fifomem/genblk1_7__U/CE2->A2[2]
          Group: rclk
     Startpoint: (R) rptr_empty/rbin_reg_2_/CLK
          Clock: (R) rclk
       Endpoint: (R) fifomem/genblk1_7__U/A2[2]
          Clock: (R) rclk

                     Capture       Launch     
        Clock Edge:+    2000            0     
       Src Latency:+       0            0     
       Net Latency:+       0 (I)        0 (I) 
           Arrival:=    2000            0     
                                              
             Setup:-     -42                  
     Required Time:=    2042                  
      Launch Clock:-       0                  
         Data Path:-     172                  
             Slack:=    1871                  

#--------------------------------------------------------------------------
# Delay Arrival Trans Fanout Load     Cell            Timing Point         
#  (ps)   (ps)   (ps)        (fF)                                          
#--------------------------------------------------------------------------
      0       0     0     52    -  (arrival)    rptr_empty/rbin_reg_2_/CLK 
    172     172    38     10  1.5  SDFFARX1_RVT rptr_empty/rbin_reg_2_/Q   
      0     172     -     10    -  SRAM2RW128x8 fifomem/genblk1_7__U/A2[2] 
#--------------------------------------------------------------------------

(P) : Instance is preserved



Path 148: MET (1871 ps) Setup Check with Pin fifomem/genblk1_7__U/CE2->A2[3]
          Group: rclk
     Startpoint: (R) rptr_empty/rbin_reg_3_/CLK
          Clock: (R) rclk
       Endpoint: (R) fifomem/genblk1_7__U/A2[3]
          Clock: (R) rclk

                     Capture       Launch     
        Clock Edge:+    2000            0     
       Src Latency:+       0            0     
       Net Latency:+       0 (I)        0 (I) 
           Arrival:=    2000            0     
                                              
             Setup:-     -42                  
     Required Time:=    2042                  
      Launch Clock:-       0                  
         Data Path:-     172                  
             Slack:=    1871                  

#--------------------------------------------------------------------------
# Delay Arrival Trans Fanout Load     Cell            Timing Point         
#  (ps)   (ps)   (ps)        (fF)                                          
#--------------------------------------------------------------------------
      0       0     0     52    -  (arrival)    rptr_empty/rbin_reg_3_/CLK 
    172     172    38     10  1.5  SDFFARX1_RVT rptr_empty/rbin_reg_3_/Q   
      0     172     -     10    -  SRAM2RW128x8 fifomem/genblk1_7__U/A2[3] 
#--------------------------------------------------------------------------

(P) : Instance is preserved



Path 149: MET (1871 ps) Setup Check with Pin fifomem/genblk1_7__U/CE2->A2[4]
          Group: rclk
     Startpoint: (R) rptr_empty/rbin_reg_4_/CLK
          Clock: (R) rclk
       Endpoint: (R) fifomem/genblk1_7__U/A2[4]
          Clock: (R) rclk

                     Capture       Launch     
        Clock Edge:+    2000            0     
       Src Latency:+       0            0     
       Net Latency:+       0 (I)        0 (I) 
           Arrival:=    2000            0     
                                              
             Setup:-     -42                  
     Required Time:=    2042                  
      Launch Clock:-       0                  
         Data Path:-     172                  
             Slack:=    1871                  

#--------------------------------------------------------------------------
# Delay Arrival Trans Fanout Load     Cell            Timing Point         
#  (ps)   (ps)   (ps)        (fF)                                          
#--------------------------------------------------------------------------
      0       0     0     52    -  (arrival)    rptr_empty/rbin_reg_4_/CLK 
    172     172    38     10  1.5  SDFFARX1_RVT rptr_empty/rbin_reg_4_/Q   
      0     172     -     10    -  SRAM2RW128x8 fifomem/genblk1_7__U/A2[4] 
#--------------------------------------------------------------------------

(P) : Instance is preserved



Path 150: MET (1871 ps) Setup Check with Pin fifomem/genblk1_7__U/CE2->A2[6]
          Group: rclk
     Startpoint: (R) rptr_empty/rbin_reg_6_/CLK
          Clock: (R) rclk
       Endpoint: (R) fifomem/genblk1_7__U/A2[6]
          Clock: (R) rclk

                     Capture       Launch     
        Clock Edge:+    2000            0     
       Src Latency:+       0            0     
       Net Latency:+       0 (I)        0 (I) 
           Arrival:=    2000            0     
                                              
             Setup:-     -42                  
     Required Time:=    2042                  
      Launch Clock:-       0                  
         Data Path:-     172                  
             Slack:=    1871                  

#--------------------------------------------------------------------------
# Delay Arrival Trans Fanout Load     Cell            Timing Point         
#  (ps)   (ps)   (ps)        (fF)                                          
#--------------------------------------------------------------------------
      0       0     0     52    -  (arrival)    rptr_empty/rbin_reg_6_/CLK 
    172     172    38     10  1.5  SDFFARX1_RVT rptr_empty/rbin_reg_6_/Q   
      0     172     -     10    -  SRAM2RW128x8 fifomem/genblk1_7__U/A2[6] 
#--------------------------------------------------------------------------

(P) : Instance is preserved



Path 151: MET (1871 ps) Setup Check with Pin fifomem/genblk1_7__U/CE1->A1[2]
          Group: wclk
     Startpoint: (R) wptr_full/wbin_reg_2_/CLK
          Clock: (R) wclk
       Endpoint: (R) fifomem/genblk1_7__U/A1[2]
          Clock: (R) wclk

                     Capture       Launch     
        Clock Edge:+    2000            0     
       Src Latency:+       0            0     
       Net Latency:+       0 (I)        0 (I) 
           Arrival:=    2000            0     
                                              
             Setup:-     -42                  
     Required Time:=    2042                  
      Launch Clock:-       0                  
         Data Path:-     172                  
             Slack:=    1871                  

#--------------------------------------------------------------------------
# Delay Arrival Trans Fanout Load     Cell            Timing Point         
#  (ps)   (ps)   (ps)        (fF)                                          
#--------------------------------------------------------------------------
      0       0     0     52    -  (arrival)    wptr_full/wbin_reg_2_/CLK  
    172     172    38     10  1.5  SDFFARX1_RVT wptr_full/wbin_reg_2_/Q    
      0     172     -     10    -  SRAM2RW128x8 fifomem/genblk1_7__U/A1[2] 
#--------------------------------------------------------------------------

(P) : Instance is preserved



Path 152: MET (1871 ps) Setup Check with Pin fifomem/genblk1_7__U/CE1->A1[3]
          Group: wclk
     Startpoint: (R) wptr_full/wbin_reg_3_/CLK
          Clock: (R) wclk
       Endpoint: (R) fifomem/genblk1_7__U/A1[3]
          Clock: (R) wclk

                     Capture       Launch     
        Clock Edge:+    2000            0     
       Src Latency:+       0            0     
       Net Latency:+       0 (I)        0 (I) 
           Arrival:=    2000            0     
                                              
             Setup:-     -42                  
     Required Time:=    2042                  
      Launch Clock:-       0                  
         Data Path:-     172                  
             Slack:=    1871                  

#--------------------------------------------------------------------------
# Delay Arrival Trans Fanout Load     Cell            Timing Point         
#  (ps)   (ps)   (ps)        (fF)                                          
#--------------------------------------------------------------------------
      0       0     0     52    -  (arrival)    wptr_full/wbin_reg_3_/CLK  
    172     172    38     10  1.5  SDFFARX1_RVT wptr_full/wbin_reg_3_/Q    
      0     172     -     10    -  SRAM2RW128x8 fifomem/genblk1_7__U/A1[3] 
#--------------------------------------------------------------------------

(P) : Instance is preserved



Path 153: MET (1871 ps) Setup Check with Pin fifomem/genblk1_7__U/CE1->A1[4]
          Group: wclk
     Startpoint: (R) wptr_full/wbin_reg_4_/CLK
          Clock: (R) wclk
       Endpoint: (R) fifomem/genblk1_7__U/A1[4]
          Clock: (R) wclk

                     Capture       Launch     
        Clock Edge:+    2000            0     
       Src Latency:+       0            0     
       Net Latency:+       0 (I)        0 (I) 
           Arrival:=    2000            0     
                                              
             Setup:-     -42                  
     Required Time:=    2042                  
      Launch Clock:-       0                  
         Data Path:-     172                  
             Slack:=    1871                  

#--------------------------------------------------------------------------
# Delay Arrival Trans Fanout Load     Cell            Timing Point         
#  (ps)   (ps)   (ps)        (fF)                                          
#--------------------------------------------------------------------------
      0       0     0     52    -  (arrival)    wptr_full/wbin_reg_4_/CLK  
    172     172    38     10  1.5  SDFFARX1_RVT wptr_full/wbin_reg_4_/Q    
      0     172     -     10    -  SRAM2RW128x8 fifomem/genblk1_7__U/A1[4] 
#--------------------------------------------------------------------------

(P) : Instance is preserved



Path 154: MET (1871 ps) Setup Check with Pin fifomem/genblk1_7__U/CE1->A1[6]
          Group: wclk
     Startpoint: (R) wptr_full/wbin_reg_6_/CLK
          Clock: (R) wclk
       Endpoint: (R) fifomem/genblk1_7__U/A1[6]
          Clock: (R) wclk

                     Capture       Launch     
        Clock Edge:+    2000            0     
       Src Latency:+       0            0     
       Net Latency:+       0 (I)        0 (I) 
           Arrival:=    2000            0     
                                              
             Setup:-     -42                  
     Required Time:=    2042                  
      Launch Clock:-       0                  
         Data Path:-     172                  
             Slack:=    1871                  

#--------------------------------------------------------------------------
# Delay Arrival Trans Fanout Load     Cell            Timing Point         
#  (ps)   (ps)   (ps)        (fF)                                          
#--------------------------------------------------------------------------
      0       0     0     52    -  (arrival)    wptr_full/wbin_reg_6_/CLK  
    172     172    38     10  1.5  SDFFARX1_RVT wptr_full/wbin_reg_6_/Q    
      0     172     -     10    -  SRAM2RW128x8 fifomem/genblk1_7__U/A1[6] 
#--------------------------------------------------------------------------

(P) : Instance is preserved



Path 155: MET (1871 ps) Setup Check with Pin fifomem/genblk1_6__U/CE2->A2[2]
          Group: rclk
     Startpoint: (R) rptr_empty/rbin_reg_2_/CLK
          Clock: (R) rclk
       Endpoint: (R) fifomem/genblk1_6__U/A2[2]
          Clock: (R) rclk

                     Capture       Launch     
        Clock Edge:+    2000            0     
       Src Latency:+       0            0     
       Net Latency:+       0 (I)        0 (I) 
           Arrival:=    2000            0     
                                              
             Setup:-     -42                  
     Required Time:=    2042                  
      Launch Clock:-       0                  
         Data Path:-     172                  
             Slack:=    1871                  

#--------------------------------------------------------------------------
# Delay Arrival Trans Fanout Load     Cell            Timing Point         
#  (ps)   (ps)   (ps)        (fF)                                          
#--------------------------------------------------------------------------
      0       0     0     52    -  (arrival)    rptr_empty/rbin_reg_2_/CLK 
    172     172    38     10  1.5  SDFFARX1_RVT rptr_empty/rbin_reg_2_/Q   
      0     172     -     10    -  SRAM2RW128x8 fifomem/genblk1_6__U/A2[2] 
#--------------------------------------------------------------------------

(P) : Instance is preserved



Path 156: MET (1871 ps) Setup Check with Pin fifomem/genblk1_6__U/CE2->A2[3]
          Group: rclk
     Startpoint: (R) rptr_empty/rbin_reg_3_/CLK
          Clock: (R) rclk
       Endpoint: (R) fifomem/genblk1_6__U/A2[3]
          Clock: (R) rclk

                     Capture       Launch     
        Clock Edge:+    2000            0     
       Src Latency:+       0            0     
       Net Latency:+       0 (I)        0 (I) 
           Arrival:=    2000            0     
                                              
             Setup:-     -42                  
     Required Time:=    2042                  
      Launch Clock:-       0                  
         Data Path:-     172                  
             Slack:=    1871                  

#--------------------------------------------------------------------------
# Delay Arrival Trans Fanout Load     Cell            Timing Point         
#  (ps)   (ps)   (ps)        (fF)                                          
#--------------------------------------------------------------------------
      0       0     0     52    -  (arrival)    rptr_empty/rbin_reg_3_/CLK 
    172     172    38     10  1.5  SDFFARX1_RVT rptr_empty/rbin_reg_3_/Q   
      0     172     -     10    -  SRAM2RW128x8 fifomem/genblk1_6__U/A2[3] 
#--------------------------------------------------------------------------

(P) : Instance is preserved



Path 157: MET (1871 ps) Setup Check with Pin fifomem/genblk1_6__U/CE2->A2[4]
          Group: rclk
     Startpoint: (R) rptr_empty/rbin_reg_4_/CLK
          Clock: (R) rclk
       Endpoint: (R) fifomem/genblk1_6__U/A2[4]
          Clock: (R) rclk

                     Capture       Launch     
        Clock Edge:+    2000            0     
       Src Latency:+       0            0     
       Net Latency:+       0 (I)        0 (I) 
           Arrival:=    2000            0     
                                              
             Setup:-     -42                  
     Required Time:=    2042                  
      Launch Clock:-       0                  
         Data Path:-     172                  
             Slack:=    1871                  

#--------------------------------------------------------------------------
# Delay Arrival Trans Fanout Load     Cell            Timing Point         
#  (ps)   (ps)   (ps)        (fF)                                          
#--------------------------------------------------------------------------
      0       0     0     52    -  (arrival)    rptr_empty/rbin_reg_4_/CLK 
    172     172    38     10  1.5  SDFFARX1_RVT rptr_empty/rbin_reg_4_/Q   
      0     172     -     10    -  SRAM2RW128x8 fifomem/genblk1_6__U/A2[4] 
#--------------------------------------------------------------------------

(P) : Instance is preserved



Path 158: MET (1871 ps) Setup Check with Pin fifomem/genblk1_6__U/CE2->A2[6]
          Group: rclk
     Startpoint: (R) rptr_empty/rbin_reg_6_/CLK
          Clock: (R) rclk
       Endpoint: (R) fifomem/genblk1_6__U/A2[6]
          Clock: (R) rclk

                     Capture       Launch     
        Clock Edge:+    2000            0     
       Src Latency:+       0            0     
       Net Latency:+       0 (I)        0 (I) 
           Arrival:=    2000            0     
                                              
             Setup:-     -42                  
     Required Time:=    2042                  
      Launch Clock:-       0                  
         Data Path:-     172                  
             Slack:=    1871                  

#--------------------------------------------------------------------------
# Delay Arrival Trans Fanout Load     Cell            Timing Point         
#  (ps)   (ps)   (ps)        (fF)                                          
#--------------------------------------------------------------------------
      0       0     0     52    -  (arrival)    rptr_empty/rbin_reg_6_/CLK 
    172     172    38     10  1.5  SDFFARX1_RVT rptr_empty/rbin_reg_6_/Q   
      0     172     -     10    -  SRAM2RW128x8 fifomem/genblk1_6__U/A2[6] 
#--------------------------------------------------------------------------

(P) : Instance is preserved



Path 159: MET (1871 ps) Setup Check with Pin fifomem/genblk1_6__U/CE1->A1[2]
          Group: wclk
     Startpoint: (R) wptr_full/wbin_reg_2_/CLK
          Clock: (R) wclk
       Endpoint: (R) fifomem/genblk1_6__U/A1[2]
          Clock: (R) wclk

                     Capture       Launch     
        Clock Edge:+    2000            0     
       Src Latency:+       0            0     
       Net Latency:+       0 (I)        0 (I) 
           Arrival:=    2000            0     
                                              
             Setup:-     -42                  
     Required Time:=    2042                  
      Launch Clock:-       0                  
         Data Path:-     172                  
             Slack:=    1871                  

#--------------------------------------------------------------------------
# Delay Arrival Trans Fanout Load     Cell            Timing Point         
#  (ps)   (ps)   (ps)        (fF)                                          
#--------------------------------------------------------------------------
      0       0     0     52    -  (arrival)    wptr_full/wbin_reg_2_/CLK  
    172     172    38     10  1.5  SDFFARX1_RVT wptr_full/wbin_reg_2_/Q    
      0     172     -     10    -  SRAM2RW128x8 fifomem/genblk1_6__U/A1[2] 
#--------------------------------------------------------------------------

(P) : Instance is preserved



Path 160: MET (1871 ps) Setup Check with Pin fifomem/genblk1_6__U/CE1->A1[3]
          Group: wclk
     Startpoint: (R) wptr_full/wbin_reg_3_/CLK
          Clock: (R) wclk
       Endpoint: (R) fifomem/genblk1_6__U/A1[3]
          Clock: (R) wclk

                     Capture       Launch     
        Clock Edge:+    2000            0     
       Src Latency:+       0            0     
       Net Latency:+       0 (I)        0 (I) 
           Arrival:=    2000            0     
                                              
             Setup:-     -42                  
     Required Time:=    2042                  
      Launch Clock:-       0                  
         Data Path:-     172                  
             Slack:=    1871                  

#--------------------------------------------------------------------------
# Delay Arrival Trans Fanout Load     Cell            Timing Point         
#  (ps)   (ps)   (ps)        (fF)                                          
#--------------------------------------------------------------------------
      0       0     0     52    -  (arrival)    wptr_full/wbin_reg_3_/CLK  
    172     172    38     10  1.5  SDFFARX1_RVT wptr_full/wbin_reg_3_/Q    
      0     172     -     10    -  SRAM2RW128x8 fifomem/genblk1_6__U/A1[3] 
#--------------------------------------------------------------------------

(P) : Instance is preserved



Path 161: MET (1871 ps) Setup Check with Pin fifomem/genblk1_6__U/CE1->A1[4]
          Group: wclk
     Startpoint: (R) wptr_full/wbin_reg_4_/CLK
          Clock: (R) wclk
       Endpoint: (R) fifomem/genblk1_6__U/A1[4]
          Clock: (R) wclk

                     Capture       Launch     
        Clock Edge:+    2000            0     
       Src Latency:+       0            0     
       Net Latency:+       0 (I)        0 (I) 
           Arrival:=    2000            0     
                                              
             Setup:-     -42                  
     Required Time:=    2042                  
      Launch Clock:-       0                  
         Data Path:-     172                  
             Slack:=    1871                  

#--------------------------------------------------------------------------
# Delay Arrival Trans Fanout Load     Cell            Timing Point         
#  (ps)   (ps)   (ps)        (fF)                                          
#--------------------------------------------------------------------------
      0       0     0     52    -  (arrival)    wptr_full/wbin_reg_4_/CLK  
    172     172    38     10  1.5  SDFFARX1_RVT wptr_full/wbin_reg_4_/Q    
      0     172     -     10    -  SRAM2RW128x8 fifomem/genblk1_6__U/A1[4] 
#--------------------------------------------------------------------------

(P) : Instance is preserved



Path 162: MET (1871 ps) Setup Check with Pin fifomem/genblk1_6__U/CE1->A1[6]
          Group: wclk
     Startpoint: (R) wptr_full/wbin_reg_6_/CLK
          Clock: (R) wclk
       Endpoint: (R) fifomem/genblk1_6__U/A1[6]
          Clock: (R) wclk

                     Capture       Launch     
        Clock Edge:+    2000            0     
       Src Latency:+       0            0     
       Net Latency:+       0 (I)        0 (I) 
           Arrival:=    2000            0     
                                              
             Setup:-     -42                  
     Required Time:=    2042                  
      Launch Clock:-       0                  
         Data Path:-     172                  
             Slack:=    1871                  

#--------------------------------------------------------------------------
# Delay Arrival Trans Fanout Load     Cell            Timing Point         
#  (ps)   (ps)   (ps)        (fF)                                          
#--------------------------------------------------------------------------
      0       0     0     52    -  (arrival)    wptr_full/wbin_reg_6_/CLK  
    172     172    38     10  1.5  SDFFARX1_RVT wptr_full/wbin_reg_6_/Q    
      0     172     -     10    -  SRAM2RW128x8 fifomem/genblk1_6__U/A1[6] 
#--------------------------------------------------------------------------

(P) : Instance is preserved



Path 163: MET (1871 ps) Setup Check with Pin fifomem/genblk1_5__U/CE2->A2[2]
          Group: rclk
     Startpoint: (R) rptr_empty/rbin_reg_2_/CLK
          Clock: (R) rclk
       Endpoint: (R) fifomem/genblk1_5__U/A2[2]
          Clock: (R) rclk

                     Capture       Launch     
        Clock Edge:+    2000            0     
       Src Latency:+       0            0     
       Net Latency:+       0 (I)        0 (I) 
           Arrival:=    2000            0     
                                              
             Setup:-     -42                  
     Required Time:=    2042                  
      Launch Clock:-       0                  
         Data Path:-     172                  
             Slack:=    1871                  

#--------------------------------------------------------------------------
# Delay Arrival Trans Fanout Load     Cell            Timing Point         
#  (ps)   (ps)   (ps)        (fF)                                          
#--------------------------------------------------------------------------
      0       0     0     52    -  (arrival)    rptr_empty/rbin_reg_2_/CLK 
    172     172    38     10  1.5  SDFFARX1_RVT rptr_empty/rbin_reg_2_/Q   
      0     172     -     10    -  SRAM2RW128x8 fifomem/genblk1_5__U/A2[2] 
#--------------------------------------------------------------------------

(P) : Instance is preserved



Path 164: MET (1871 ps) Setup Check with Pin fifomem/genblk1_5__U/CE2->A2[3]
          Group: rclk
     Startpoint: (R) rptr_empty/rbin_reg_3_/CLK
          Clock: (R) rclk
       Endpoint: (R) fifomem/genblk1_5__U/A2[3]
          Clock: (R) rclk

                     Capture       Launch     
        Clock Edge:+    2000            0     
       Src Latency:+       0            0     
       Net Latency:+       0 (I)        0 (I) 
           Arrival:=    2000            0     
                                              
             Setup:-     -42                  
     Required Time:=    2042                  
      Launch Clock:-       0                  
         Data Path:-     172                  
             Slack:=    1871                  

#--------------------------------------------------------------------------
# Delay Arrival Trans Fanout Load     Cell            Timing Point         
#  (ps)   (ps)   (ps)        (fF)                                          
#--------------------------------------------------------------------------
      0       0     0     52    -  (arrival)    rptr_empty/rbin_reg_3_/CLK 
    172     172    38     10  1.5  SDFFARX1_RVT rptr_empty/rbin_reg_3_/Q   
      0     172     -     10    -  SRAM2RW128x8 fifomem/genblk1_5__U/A2[3] 
#--------------------------------------------------------------------------

(P) : Instance is preserved



Path 165: MET (1871 ps) Setup Check with Pin fifomem/genblk1_5__U/CE2->A2[4]
          Group: rclk
     Startpoint: (R) rptr_empty/rbin_reg_4_/CLK
          Clock: (R) rclk
       Endpoint: (R) fifomem/genblk1_5__U/A2[4]
          Clock: (R) rclk

                     Capture       Launch     
        Clock Edge:+    2000            0     
       Src Latency:+       0            0     
       Net Latency:+       0 (I)        0 (I) 
           Arrival:=    2000            0     
                                              
             Setup:-     -42                  
     Required Time:=    2042                  
      Launch Clock:-       0                  
         Data Path:-     172                  
             Slack:=    1871                  

#--------------------------------------------------------------------------
# Delay Arrival Trans Fanout Load     Cell            Timing Point         
#  (ps)   (ps)   (ps)        (fF)                                          
#--------------------------------------------------------------------------
      0       0     0     52    -  (arrival)    rptr_empty/rbin_reg_4_/CLK 
    172     172    38     10  1.5  SDFFARX1_RVT rptr_empty/rbin_reg_4_/Q   
      0     172     -     10    -  SRAM2RW128x8 fifomem/genblk1_5__U/A2[4] 
#--------------------------------------------------------------------------

(P) : Instance is preserved



Path 166: MET (1871 ps) Setup Check with Pin fifomem/genblk1_5__U/CE2->A2[6]
          Group: rclk
     Startpoint: (R) rptr_empty/rbin_reg_6_/CLK
          Clock: (R) rclk
       Endpoint: (R) fifomem/genblk1_5__U/A2[6]
          Clock: (R) rclk

                     Capture       Launch     
        Clock Edge:+    2000            0     
       Src Latency:+       0            0     
       Net Latency:+       0 (I)        0 (I) 
           Arrival:=    2000            0     
                                              
             Setup:-     -42                  
     Required Time:=    2042                  
      Launch Clock:-       0                  
         Data Path:-     172                  
             Slack:=    1871                  

#--------------------------------------------------------------------------
# Delay Arrival Trans Fanout Load     Cell            Timing Point         
#  (ps)   (ps)   (ps)        (fF)                                          
#--------------------------------------------------------------------------
      0       0     0     52    -  (arrival)    rptr_empty/rbin_reg_6_/CLK 
    172     172    38     10  1.5  SDFFARX1_RVT rptr_empty/rbin_reg_6_/Q   
      0     172     -     10    -  SRAM2RW128x8 fifomem/genblk1_5__U/A2[6] 
#--------------------------------------------------------------------------

(P) : Instance is preserved



Path 167: MET (1871 ps) Setup Check with Pin fifomem/genblk1_5__U/CE1->A1[2]
          Group: wclk
     Startpoint: (R) wptr_full/wbin_reg_2_/CLK
          Clock: (R) wclk
       Endpoint: (R) fifomem/genblk1_5__U/A1[2]
          Clock: (R) wclk

                     Capture       Launch     
        Clock Edge:+    2000            0     
       Src Latency:+       0            0     
       Net Latency:+       0 (I)        0 (I) 
           Arrival:=    2000            0     
                                              
             Setup:-     -42                  
     Required Time:=    2042                  
      Launch Clock:-       0                  
         Data Path:-     172                  
             Slack:=    1871                  

#--------------------------------------------------------------------------
# Delay Arrival Trans Fanout Load     Cell            Timing Point         
#  (ps)   (ps)   (ps)        (fF)                                          
#--------------------------------------------------------------------------
      0       0     0     52    -  (arrival)    wptr_full/wbin_reg_2_/CLK  
    172     172    38     10  1.5  SDFFARX1_RVT wptr_full/wbin_reg_2_/Q    
      0     172     -     10    -  SRAM2RW128x8 fifomem/genblk1_5__U/A1[2] 
#--------------------------------------------------------------------------

(P) : Instance is preserved



Path 168: MET (1871 ps) Setup Check with Pin fifomem/genblk1_5__U/CE1->A1[3]
          Group: wclk
     Startpoint: (R) wptr_full/wbin_reg_3_/CLK
          Clock: (R) wclk
       Endpoint: (R) fifomem/genblk1_5__U/A1[3]
          Clock: (R) wclk

                     Capture       Launch     
        Clock Edge:+    2000            0     
       Src Latency:+       0            0     
       Net Latency:+       0 (I)        0 (I) 
           Arrival:=    2000            0     
                                              
             Setup:-     -42                  
     Required Time:=    2042                  
      Launch Clock:-       0                  
         Data Path:-     172                  
             Slack:=    1871                  

#--------------------------------------------------------------------------
# Delay Arrival Trans Fanout Load     Cell            Timing Point         
#  (ps)   (ps)   (ps)        (fF)                                          
#--------------------------------------------------------------------------
      0       0     0     52    -  (arrival)    wptr_full/wbin_reg_3_/CLK  
    172     172    38     10  1.5  SDFFARX1_RVT wptr_full/wbin_reg_3_/Q    
      0     172     -     10    -  SRAM2RW128x8 fifomem/genblk1_5__U/A1[3] 
#--------------------------------------------------------------------------

(P) : Instance is preserved



Path 169: MET (1871 ps) Setup Check with Pin fifomem/genblk1_5__U/CE1->A1[4]
          Group: wclk
     Startpoint: (R) wptr_full/wbin_reg_4_/CLK
          Clock: (R) wclk
       Endpoint: (R) fifomem/genblk1_5__U/A1[4]
          Clock: (R) wclk

                     Capture       Launch     
        Clock Edge:+    2000            0     
       Src Latency:+       0            0     
       Net Latency:+       0 (I)        0 (I) 
           Arrival:=    2000            0     
                                              
             Setup:-     -42                  
     Required Time:=    2042                  
      Launch Clock:-       0                  
         Data Path:-     172                  
             Slack:=    1871                  

#--------------------------------------------------------------------------
# Delay Arrival Trans Fanout Load     Cell            Timing Point         
#  (ps)   (ps)   (ps)        (fF)                                          
#--------------------------------------------------------------------------
      0       0     0     52    -  (arrival)    wptr_full/wbin_reg_4_/CLK  
    172     172    38     10  1.5  SDFFARX1_RVT wptr_full/wbin_reg_4_/Q    
      0     172     -     10    -  SRAM2RW128x8 fifomem/genblk1_5__U/A1[4] 
#--------------------------------------------------------------------------

(P) : Instance is preserved



Path 170: MET (1871 ps) Setup Check with Pin fifomem/genblk1_5__U/CE1->A1[6]
          Group: wclk
     Startpoint: (R) wptr_full/wbin_reg_6_/CLK
          Clock: (R) wclk
       Endpoint: (R) fifomem/genblk1_5__U/A1[6]
          Clock: (R) wclk

                     Capture       Launch     
        Clock Edge:+    2000            0     
       Src Latency:+       0            0     
       Net Latency:+       0 (I)        0 (I) 
           Arrival:=    2000            0     
                                              
             Setup:-     -42                  
     Required Time:=    2042                  
      Launch Clock:-       0                  
         Data Path:-     172                  
             Slack:=    1871                  

#--------------------------------------------------------------------------
# Delay Arrival Trans Fanout Load     Cell            Timing Point         
#  (ps)   (ps)   (ps)        (fF)                                          
#--------------------------------------------------------------------------
      0       0     0     52    -  (arrival)    wptr_full/wbin_reg_6_/CLK  
    172     172    38     10  1.5  SDFFARX1_RVT wptr_full/wbin_reg_6_/Q    
      0     172     -     10    -  SRAM2RW128x8 fifomem/genblk1_5__U/A1[6] 
#--------------------------------------------------------------------------

(P) : Instance is preserved



Path 171: MET (1871 ps) Setup Check with Pin fifomem/genblk1_4__U/CE2->A2[2]
          Group: rclk
     Startpoint: (R) rptr_empty/rbin_reg_2_/CLK
          Clock: (R) rclk
       Endpoint: (R) fifomem/genblk1_4__U/A2[2]
          Clock: (R) rclk

                     Capture       Launch     
        Clock Edge:+    2000            0     
       Src Latency:+       0            0     
       Net Latency:+       0 (I)        0 (I) 
           Arrival:=    2000            0     
                                              
             Setup:-     -42                  
     Required Time:=    2042                  
      Launch Clock:-       0                  
         Data Path:-     172                  
             Slack:=    1871                  

#--------------------------------------------------------------------------
# Delay Arrival Trans Fanout Load     Cell            Timing Point         
#  (ps)   (ps)   (ps)        (fF)                                          
#--------------------------------------------------------------------------
      0       0     0     52    -  (arrival)    rptr_empty/rbin_reg_2_/CLK 
    172     172    38     10  1.5  SDFFARX1_RVT rptr_empty/rbin_reg_2_/Q   
      0     172     -     10    -  SRAM2RW128x8 fifomem/genblk1_4__U/A2[2] 
#--------------------------------------------------------------------------

(P) : Instance is preserved



Path 172: MET (1871 ps) Setup Check with Pin fifomem/genblk1_4__U/CE2->A2[3]
          Group: rclk
     Startpoint: (R) rptr_empty/rbin_reg_3_/CLK
          Clock: (R) rclk
       Endpoint: (R) fifomem/genblk1_4__U/A2[3]
          Clock: (R) rclk

                     Capture       Launch     
        Clock Edge:+    2000            0     
       Src Latency:+       0            0     
       Net Latency:+       0 (I)        0 (I) 
           Arrival:=    2000            0     
                                              
             Setup:-     -42                  
     Required Time:=    2042                  
      Launch Clock:-       0                  
         Data Path:-     172                  
             Slack:=    1871                  

#--------------------------------------------------------------------------
# Delay Arrival Trans Fanout Load     Cell            Timing Point         
#  (ps)   (ps)   (ps)        (fF)                                          
#--------------------------------------------------------------------------
      0       0     0     52    -  (arrival)    rptr_empty/rbin_reg_3_/CLK 
    172     172    38     10  1.5  SDFFARX1_RVT rptr_empty/rbin_reg_3_/Q   
      0     172     -     10    -  SRAM2RW128x8 fifomem/genblk1_4__U/A2[3] 
#--------------------------------------------------------------------------

(P) : Instance is preserved



Path 173: MET (1871 ps) Setup Check with Pin fifomem/genblk1_4__U/CE2->A2[4]
          Group: rclk
     Startpoint: (R) rptr_empty/rbin_reg_4_/CLK
          Clock: (R) rclk
       Endpoint: (R) fifomem/genblk1_4__U/A2[4]
          Clock: (R) rclk

                     Capture       Launch     
        Clock Edge:+    2000            0     
       Src Latency:+       0            0     
       Net Latency:+       0 (I)        0 (I) 
           Arrival:=    2000            0     
                                              
             Setup:-     -42                  
     Required Time:=    2042                  
      Launch Clock:-       0                  
         Data Path:-     172                  
             Slack:=    1871                  

#--------------------------------------------------------------------------
# Delay Arrival Trans Fanout Load     Cell            Timing Point         
#  (ps)   (ps)   (ps)        (fF)                                          
#--------------------------------------------------------------------------
      0       0     0     52    -  (arrival)    rptr_empty/rbin_reg_4_/CLK 
    172     172    38     10  1.5  SDFFARX1_RVT rptr_empty/rbin_reg_4_/Q   
      0     172     -     10    -  SRAM2RW128x8 fifomem/genblk1_4__U/A2[4] 
#--------------------------------------------------------------------------

(P) : Instance is preserved



Path 174: MET (1871 ps) Setup Check with Pin fifomem/genblk1_4__U/CE2->A2[6]
          Group: rclk
     Startpoint: (R) rptr_empty/rbin_reg_6_/CLK
          Clock: (R) rclk
       Endpoint: (R) fifomem/genblk1_4__U/A2[6]
          Clock: (R) rclk

                     Capture       Launch     
        Clock Edge:+    2000            0     
       Src Latency:+       0            0     
       Net Latency:+       0 (I)        0 (I) 
           Arrival:=    2000            0     
                                              
             Setup:-     -42                  
     Required Time:=    2042                  
      Launch Clock:-       0                  
         Data Path:-     172                  
             Slack:=    1871                  

#--------------------------------------------------------------------------
# Delay Arrival Trans Fanout Load     Cell            Timing Point         
#  (ps)   (ps)   (ps)        (fF)                                          
#--------------------------------------------------------------------------
      0       0     0     52    -  (arrival)    rptr_empty/rbin_reg_6_/CLK 
    172     172    38     10  1.5  SDFFARX1_RVT rptr_empty/rbin_reg_6_/Q   
      0     172     -     10    -  SRAM2RW128x8 fifomem/genblk1_4__U/A2[6] 
#--------------------------------------------------------------------------

(P) : Instance is preserved



Path 175: MET (1871 ps) Setup Check with Pin fifomem/genblk1_4__U/CE1->A1[2]
          Group: wclk
     Startpoint: (R) wptr_full/wbin_reg_2_/CLK
          Clock: (R) wclk
       Endpoint: (R) fifomem/genblk1_4__U/A1[2]
          Clock: (R) wclk

                     Capture       Launch     
        Clock Edge:+    2000            0     
       Src Latency:+       0            0     
       Net Latency:+       0 (I)        0 (I) 
           Arrival:=    2000            0     
                                              
             Setup:-     -42                  
     Required Time:=    2042                  
      Launch Clock:-       0                  
         Data Path:-     172                  
             Slack:=    1871                  

#--------------------------------------------------------------------------
# Delay Arrival Trans Fanout Load     Cell            Timing Point         
#  (ps)   (ps)   (ps)        (fF)                                          
#--------------------------------------------------------------------------
      0       0     0     52    -  (arrival)    wptr_full/wbin_reg_2_/CLK  
    172     172    38     10  1.5  SDFFARX1_RVT wptr_full/wbin_reg_2_/Q    
      0     172     -     10    -  SRAM2RW128x8 fifomem/genblk1_4__U/A1[2] 
#--------------------------------------------------------------------------

(P) : Instance is preserved



Path 176: MET (1871 ps) Setup Check with Pin fifomem/genblk1_4__U/CE1->A1[3]
          Group: wclk
     Startpoint: (R) wptr_full/wbin_reg_3_/CLK
          Clock: (R) wclk
       Endpoint: (R) fifomem/genblk1_4__U/A1[3]
          Clock: (R) wclk

                     Capture       Launch     
        Clock Edge:+    2000            0     
       Src Latency:+       0            0     
       Net Latency:+       0 (I)        0 (I) 
           Arrival:=    2000            0     
                                              
             Setup:-     -42                  
     Required Time:=    2042                  
      Launch Clock:-       0                  
         Data Path:-     172                  
             Slack:=    1871                  

#--------------------------------------------------------------------------
# Delay Arrival Trans Fanout Load     Cell            Timing Point         
#  (ps)   (ps)   (ps)        (fF)                                          
#--------------------------------------------------------------------------
      0       0     0     52    -  (arrival)    wptr_full/wbin_reg_3_/CLK  
    172     172    38     10  1.5  SDFFARX1_RVT wptr_full/wbin_reg_3_/Q    
      0     172     -     10    -  SRAM2RW128x8 fifomem/genblk1_4__U/A1[3] 
#--------------------------------------------------------------------------

(P) : Instance is preserved



Path 177: MET (1871 ps) Setup Check with Pin fifomem/genblk1_4__U/CE1->A1[4]
          Group: wclk
     Startpoint: (R) wptr_full/wbin_reg_4_/CLK
          Clock: (R) wclk
       Endpoint: (R) fifomem/genblk1_4__U/A1[4]
          Clock: (R) wclk

                     Capture       Launch     
        Clock Edge:+    2000            0     
       Src Latency:+       0            0     
       Net Latency:+       0 (I)        0 (I) 
           Arrival:=    2000            0     
                                              
             Setup:-     -42                  
     Required Time:=    2042                  
      Launch Clock:-       0                  
         Data Path:-     172                  
             Slack:=    1871                  

#--------------------------------------------------------------------------
# Delay Arrival Trans Fanout Load     Cell            Timing Point         
#  (ps)   (ps)   (ps)        (fF)                                          
#--------------------------------------------------------------------------
      0       0     0     52    -  (arrival)    wptr_full/wbin_reg_4_/CLK  
    172     172    38     10  1.5  SDFFARX1_RVT wptr_full/wbin_reg_4_/Q    
      0     172     -     10    -  SRAM2RW128x8 fifomem/genblk1_4__U/A1[4] 
#--------------------------------------------------------------------------

(P) : Instance is preserved



Path 178: MET (1871 ps) Setup Check with Pin fifomem/genblk1_4__U/CE1->A1[6]
          Group: wclk
     Startpoint: (R) wptr_full/wbin_reg_6_/CLK
          Clock: (R) wclk
       Endpoint: (R) fifomem/genblk1_4__U/A1[6]
          Clock: (R) wclk

                     Capture       Launch     
        Clock Edge:+    2000            0     
       Src Latency:+       0            0     
       Net Latency:+       0 (I)        0 (I) 
           Arrival:=    2000            0     
                                              
             Setup:-     -42                  
     Required Time:=    2042                  
      Launch Clock:-       0                  
         Data Path:-     172                  
             Slack:=    1871                  

#--------------------------------------------------------------------------
# Delay Arrival Trans Fanout Load     Cell            Timing Point         
#  (ps)   (ps)   (ps)        (fF)                                          
#--------------------------------------------------------------------------
      0       0     0     52    -  (arrival)    wptr_full/wbin_reg_6_/CLK  
    172     172    38     10  1.5  SDFFARX1_RVT wptr_full/wbin_reg_6_/Q    
      0     172     -     10    -  SRAM2RW128x8 fifomem/genblk1_4__U/A1[6] 
#--------------------------------------------------------------------------

(P) : Instance is preserved



Path 179: MET (1871 ps) Setup Check with Pin fifomem/genblk1_3__U/CE2->A2[2]
          Group: rclk
     Startpoint: (R) rptr_empty/rbin_reg_2_/CLK
          Clock: (R) rclk
       Endpoint: (R) fifomem/genblk1_3__U/A2[2]
          Clock: (R) rclk

                     Capture       Launch     
        Clock Edge:+    2000            0     
       Src Latency:+       0            0     
       Net Latency:+       0 (I)        0 (I) 
           Arrival:=    2000            0     
                                              
             Setup:-     -42                  
     Required Time:=    2042                  
      Launch Clock:-       0                  
         Data Path:-     172                  
             Slack:=    1871                  

#--------------------------------------------------------------------------
# Delay Arrival Trans Fanout Load     Cell            Timing Point         
#  (ps)   (ps)   (ps)        (fF)                                          
#--------------------------------------------------------------------------
      0       0     0     52    -  (arrival)    rptr_empty/rbin_reg_2_/CLK 
    172     172    38     10  1.5  SDFFARX1_RVT rptr_empty/rbin_reg_2_/Q   
      0     172     -     10    -  SRAM2RW128x8 fifomem/genblk1_3__U/A2[2] 
#--------------------------------------------------------------------------

(P) : Instance is preserved



Path 180: MET (1871 ps) Setup Check with Pin fifomem/genblk1_3__U/CE2->A2[3]
          Group: rclk
     Startpoint: (R) rptr_empty/rbin_reg_3_/CLK
          Clock: (R) rclk
       Endpoint: (R) fifomem/genblk1_3__U/A2[3]
          Clock: (R) rclk

                     Capture       Launch     
        Clock Edge:+    2000            0     
       Src Latency:+       0            0     
       Net Latency:+       0 (I)        0 (I) 
           Arrival:=    2000            0     
                                              
             Setup:-     -42                  
     Required Time:=    2042                  
      Launch Clock:-       0                  
         Data Path:-     172                  
             Slack:=    1871                  

#--------------------------------------------------------------------------
# Delay Arrival Trans Fanout Load     Cell            Timing Point         
#  (ps)   (ps)   (ps)        (fF)                                          
#--------------------------------------------------------------------------
      0       0     0     52    -  (arrival)    rptr_empty/rbin_reg_3_/CLK 
    172     172    38     10  1.5  SDFFARX1_RVT rptr_empty/rbin_reg_3_/Q   
      0     172     -     10    -  SRAM2RW128x8 fifomem/genblk1_3__U/A2[3] 
#--------------------------------------------------------------------------

(P) : Instance is preserved



Path 181: MET (1871 ps) Setup Check with Pin fifomem/genblk1_3__U/CE2->A2[4]
          Group: rclk
     Startpoint: (R) rptr_empty/rbin_reg_4_/CLK
          Clock: (R) rclk
       Endpoint: (R) fifomem/genblk1_3__U/A2[4]
          Clock: (R) rclk

                     Capture       Launch     
        Clock Edge:+    2000            0     
       Src Latency:+       0            0     
       Net Latency:+       0 (I)        0 (I) 
           Arrival:=    2000            0     
                                              
             Setup:-     -42                  
     Required Time:=    2042                  
      Launch Clock:-       0                  
         Data Path:-     172                  
             Slack:=    1871                  

#--------------------------------------------------------------------------
# Delay Arrival Trans Fanout Load     Cell            Timing Point         
#  (ps)   (ps)   (ps)        (fF)                                          
#--------------------------------------------------------------------------
      0       0     0     52    -  (arrival)    rptr_empty/rbin_reg_4_/CLK 
    172     172    38     10  1.5  SDFFARX1_RVT rptr_empty/rbin_reg_4_/Q   
      0     172     -     10    -  SRAM2RW128x8 fifomem/genblk1_3__U/A2[4] 
#--------------------------------------------------------------------------

(P) : Instance is preserved



Path 182: MET (1871 ps) Setup Check with Pin fifomem/genblk1_3__U/CE2->A2[6]
          Group: rclk
     Startpoint: (R) rptr_empty/rbin_reg_6_/CLK
          Clock: (R) rclk
       Endpoint: (R) fifomem/genblk1_3__U/A2[6]
          Clock: (R) rclk

                     Capture       Launch     
        Clock Edge:+    2000            0     
       Src Latency:+       0            0     
       Net Latency:+       0 (I)        0 (I) 
           Arrival:=    2000            0     
                                              
             Setup:-     -42                  
     Required Time:=    2042                  
      Launch Clock:-       0                  
         Data Path:-     172                  
             Slack:=    1871                  

#--------------------------------------------------------------------------
# Delay Arrival Trans Fanout Load     Cell            Timing Point         
#  (ps)   (ps)   (ps)        (fF)                                          
#--------------------------------------------------------------------------
      0       0     0     52    -  (arrival)    rptr_empty/rbin_reg_6_/CLK 
    172     172    38     10  1.5  SDFFARX1_RVT rptr_empty/rbin_reg_6_/Q   
      0     172     -     10    -  SRAM2RW128x8 fifomem/genblk1_3__U/A2[6] 
#--------------------------------------------------------------------------

(P) : Instance is preserved



Path 183: MET (1871 ps) Setup Check with Pin fifomem/genblk1_3__U/CE1->A1[2]
          Group: wclk
     Startpoint: (R) wptr_full/wbin_reg_2_/CLK
          Clock: (R) wclk
       Endpoint: (R) fifomem/genblk1_3__U/A1[2]
          Clock: (R) wclk

                     Capture       Launch     
        Clock Edge:+    2000            0     
       Src Latency:+       0            0     
       Net Latency:+       0 (I)        0 (I) 
           Arrival:=    2000            0     
                                              
             Setup:-     -42                  
     Required Time:=    2042                  
      Launch Clock:-       0                  
         Data Path:-     172                  
             Slack:=    1871                  

#--------------------------------------------------------------------------
# Delay Arrival Trans Fanout Load     Cell            Timing Point         
#  (ps)   (ps)   (ps)        (fF)                                          
#--------------------------------------------------------------------------
      0       0     0     52    -  (arrival)    wptr_full/wbin_reg_2_/CLK  
    172     172    38     10  1.5  SDFFARX1_RVT wptr_full/wbin_reg_2_/Q    
      0     172     -     10    -  SRAM2RW128x8 fifomem/genblk1_3__U/A1[2] 
#--------------------------------------------------------------------------

(P) : Instance is preserved



Path 184: MET (1871 ps) Setup Check with Pin fifomem/genblk1_3__U/CE1->A1[3]
          Group: wclk
     Startpoint: (R) wptr_full/wbin_reg_3_/CLK
          Clock: (R) wclk
       Endpoint: (R) fifomem/genblk1_3__U/A1[3]
          Clock: (R) wclk

                     Capture       Launch     
        Clock Edge:+    2000            0     
       Src Latency:+       0            0     
       Net Latency:+       0 (I)        0 (I) 
           Arrival:=    2000            0     
                                              
             Setup:-     -42                  
     Required Time:=    2042                  
      Launch Clock:-       0                  
         Data Path:-     172                  
             Slack:=    1871                  

#--------------------------------------------------------------------------
# Delay Arrival Trans Fanout Load     Cell            Timing Point         
#  (ps)   (ps)   (ps)        (fF)                                          
#--------------------------------------------------------------------------
      0       0     0     52    -  (arrival)    wptr_full/wbin_reg_3_/CLK  
    172     172    38     10  1.5  SDFFARX1_RVT wptr_full/wbin_reg_3_/Q    
      0     172     -     10    -  SRAM2RW128x8 fifomem/genblk1_3__U/A1[3] 
#--------------------------------------------------------------------------

(P) : Instance is preserved



Path 185: MET (1871 ps) Setup Check with Pin fifomem/genblk1_3__U/CE1->A1[4]
          Group: wclk
     Startpoint: (R) wptr_full/wbin_reg_4_/CLK
          Clock: (R) wclk
       Endpoint: (R) fifomem/genblk1_3__U/A1[4]
          Clock: (R) wclk

                     Capture       Launch     
        Clock Edge:+    2000            0     
       Src Latency:+       0            0     
       Net Latency:+       0 (I)        0 (I) 
           Arrival:=    2000            0     
                                              
             Setup:-     -42                  
     Required Time:=    2042                  
      Launch Clock:-       0                  
         Data Path:-     172                  
             Slack:=    1871                  

#--------------------------------------------------------------------------
# Delay Arrival Trans Fanout Load     Cell            Timing Point         
#  (ps)   (ps)   (ps)        (fF)                                          
#--------------------------------------------------------------------------
      0       0     0     52    -  (arrival)    wptr_full/wbin_reg_4_/CLK  
    172     172    38     10  1.5  SDFFARX1_RVT wptr_full/wbin_reg_4_/Q    
      0     172     -     10    -  SRAM2RW128x8 fifomem/genblk1_3__U/A1[4] 
#--------------------------------------------------------------------------

(P) : Instance is preserved



Path 186: MET (1871 ps) Setup Check with Pin fifomem/genblk1_3__U/CE1->A1[6]
          Group: wclk
     Startpoint: (R) wptr_full/wbin_reg_6_/CLK
          Clock: (R) wclk
       Endpoint: (R) fifomem/genblk1_3__U/A1[6]
          Clock: (R) wclk

                     Capture       Launch     
        Clock Edge:+    2000            0     
       Src Latency:+       0            0     
       Net Latency:+       0 (I)        0 (I) 
           Arrival:=    2000            0     
                                              
             Setup:-     -42                  
     Required Time:=    2042                  
      Launch Clock:-       0                  
         Data Path:-     172                  
             Slack:=    1871                  

#--------------------------------------------------------------------------
# Delay Arrival Trans Fanout Load     Cell            Timing Point         
#  (ps)   (ps)   (ps)        (fF)                                          
#--------------------------------------------------------------------------
      0       0     0     52    -  (arrival)    wptr_full/wbin_reg_6_/CLK  
    172     172    38     10  1.5  SDFFARX1_RVT wptr_full/wbin_reg_6_/Q    
      0     172     -     10    -  SRAM2RW128x8 fifomem/genblk1_3__U/A1[6] 
#--------------------------------------------------------------------------

(P) : Instance is preserved



Path 187: MET (1871 ps) Setup Check with Pin fifomem/genblk1_2__U/CE2->A2[2]
          Group: rclk
     Startpoint: (R) rptr_empty/rbin_reg_2_/CLK
          Clock: (R) rclk
       Endpoint: (R) fifomem/genblk1_2__U/A2[2]
          Clock: (R) rclk

                     Capture       Launch     
        Clock Edge:+    2000            0     
       Src Latency:+       0            0     
       Net Latency:+       0 (I)        0 (I) 
           Arrival:=    2000            0     
                                              
             Setup:-     -42                  
     Required Time:=    2042                  
      Launch Clock:-       0                  
         Data Path:-     172                  
             Slack:=    1871                  

#--------------------------------------------------------------------------
# Delay Arrival Trans Fanout Load     Cell            Timing Point         
#  (ps)   (ps)   (ps)        (fF)                                          
#--------------------------------------------------------------------------
      0       0     0     52    -  (arrival)    rptr_empty/rbin_reg_2_/CLK 
    172     172    38     10  1.5  SDFFARX1_RVT rptr_empty/rbin_reg_2_/Q   
      0     172     -     10    -  SRAM2RW128x8 fifomem/genblk1_2__U/A2[2] 
#--------------------------------------------------------------------------

(P) : Instance is preserved



Path 188: MET (1871 ps) Setup Check with Pin fifomem/genblk1_2__U/CE2->A2[3]
          Group: rclk
     Startpoint: (R) rptr_empty/rbin_reg_3_/CLK
          Clock: (R) rclk
       Endpoint: (R) fifomem/genblk1_2__U/A2[3]
          Clock: (R) rclk

                     Capture       Launch     
        Clock Edge:+    2000            0     
       Src Latency:+       0            0     
       Net Latency:+       0 (I)        0 (I) 
           Arrival:=    2000            0     
                                              
             Setup:-     -42                  
     Required Time:=    2042                  
      Launch Clock:-       0                  
         Data Path:-     172                  
             Slack:=    1871                  

#--------------------------------------------------------------------------
# Delay Arrival Trans Fanout Load     Cell            Timing Point         
#  (ps)   (ps)   (ps)        (fF)                                          
#--------------------------------------------------------------------------
      0       0     0     52    -  (arrival)    rptr_empty/rbin_reg_3_/CLK 
    172     172    38     10  1.5  SDFFARX1_RVT rptr_empty/rbin_reg_3_/Q   
      0     172     -     10    -  SRAM2RW128x8 fifomem/genblk1_2__U/A2[3] 
#--------------------------------------------------------------------------

(P) : Instance is preserved



Path 189: MET (1871 ps) Setup Check with Pin fifomem/genblk1_2__U/CE2->A2[4]
          Group: rclk
     Startpoint: (R) rptr_empty/rbin_reg_4_/CLK
          Clock: (R) rclk
       Endpoint: (R) fifomem/genblk1_2__U/A2[4]
          Clock: (R) rclk

                     Capture       Launch     
        Clock Edge:+    2000            0     
       Src Latency:+       0            0     
       Net Latency:+       0 (I)        0 (I) 
           Arrival:=    2000            0     
                                              
             Setup:-     -42                  
     Required Time:=    2042                  
      Launch Clock:-       0                  
         Data Path:-     172                  
             Slack:=    1871                  

#--------------------------------------------------------------------------
# Delay Arrival Trans Fanout Load     Cell            Timing Point         
#  (ps)   (ps)   (ps)        (fF)                                          
#--------------------------------------------------------------------------
      0       0     0     52    -  (arrival)    rptr_empty/rbin_reg_4_/CLK 
    172     172    38     10  1.5  SDFFARX1_RVT rptr_empty/rbin_reg_4_/Q   
      0     172     -     10    -  SRAM2RW128x8 fifomem/genblk1_2__U/A2[4] 
#--------------------------------------------------------------------------

(P) : Instance is preserved



Path 190: MET (1871 ps) Setup Check with Pin fifomem/genblk1_2__U/CE2->A2[6]
          Group: rclk
     Startpoint: (R) rptr_empty/rbin_reg_6_/CLK
          Clock: (R) rclk
       Endpoint: (R) fifomem/genblk1_2__U/A2[6]
          Clock: (R) rclk

                     Capture       Launch     
        Clock Edge:+    2000            0     
       Src Latency:+       0            0     
       Net Latency:+       0 (I)        0 (I) 
           Arrival:=    2000            0     
                                              
             Setup:-     -42                  
     Required Time:=    2042                  
      Launch Clock:-       0                  
         Data Path:-     172                  
             Slack:=    1871                  

#--------------------------------------------------------------------------
# Delay Arrival Trans Fanout Load     Cell            Timing Point         
#  (ps)   (ps)   (ps)        (fF)                                          
#--------------------------------------------------------------------------
      0       0     0     52    -  (arrival)    rptr_empty/rbin_reg_6_/CLK 
    172     172    38     10  1.5  SDFFARX1_RVT rptr_empty/rbin_reg_6_/Q   
      0     172     -     10    -  SRAM2RW128x8 fifomem/genblk1_2__U/A2[6] 
#--------------------------------------------------------------------------

(P) : Instance is preserved



Path 191: MET (1871 ps) Setup Check with Pin fifomem/genblk1_2__U/CE1->A1[2]
          Group: wclk
     Startpoint: (R) wptr_full/wbin_reg_2_/CLK
          Clock: (R) wclk
       Endpoint: (R) fifomem/genblk1_2__U/A1[2]
          Clock: (R) wclk

                     Capture       Launch     
        Clock Edge:+    2000            0     
       Src Latency:+       0            0     
       Net Latency:+       0 (I)        0 (I) 
           Arrival:=    2000            0     
                                              
             Setup:-     -42                  
     Required Time:=    2042                  
      Launch Clock:-       0                  
         Data Path:-     172                  
             Slack:=    1871                  

#--------------------------------------------------------------------------
# Delay Arrival Trans Fanout Load     Cell            Timing Point         
#  (ps)   (ps)   (ps)        (fF)                                          
#--------------------------------------------------------------------------
      0       0     0     52    -  (arrival)    wptr_full/wbin_reg_2_/CLK  
    172     172    38     10  1.5  SDFFARX1_RVT wptr_full/wbin_reg_2_/Q    
      0     172     -     10    -  SRAM2RW128x8 fifomem/genblk1_2__U/A1[2] 
#--------------------------------------------------------------------------

(P) : Instance is preserved



Path 192: MET (1871 ps) Setup Check with Pin fifomem/genblk1_2__U/CE1->A1[3]
          Group: wclk
     Startpoint: (R) wptr_full/wbin_reg_3_/CLK
          Clock: (R) wclk
       Endpoint: (R) fifomem/genblk1_2__U/A1[3]
          Clock: (R) wclk

                     Capture       Launch     
        Clock Edge:+    2000            0     
       Src Latency:+       0            0     
       Net Latency:+       0 (I)        0 (I) 
           Arrival:=    2000            0     
                                              
             Setup:-     -42                  
     Required Time:=    2042                  
      Launch Clock:-       0                  
         Data Path:-     172                  
             Slack:=    1871                  

#--------------------------------------------------------------------------
# Delay Arrival Trans Fanout Load     Cell            Timing Point         
#  (ps)   (ps)   (ps)        (fF)                                          
#--------------------------------------------------------------------------
      0       0     0     52    -  (arrival)    wptr_full/wbin_reg_3_/CLK  
    172     172    38     10  1.5  SDFFARX1_RVT wptr_full/wbin_reg_3_/Q    
      0     172     -     10    -  SRAM2RW128x8 fifomem/genblk1_2__U/A1[3] 
#--------------------------------------------------------------------------

(P) : Instance is preserved



Path 193: MET (1871 ps) Setup Check with Pin fifomem/genblk1_2__U/CE1->A1[4]
          Group: wclk
     Startpoint: (R) wptr_full/wbin_reg_4_/CLK
          Clock: (R) wclk
       Endpoint: (R) fifomem/genblk1_2__U/A1[4]
          Clock: (R) wclk

                     Capture       Launch     
        Clock Edge:+    2000            0     
       Src Latency:+       0            0     
       Net Latency:+       0 (I)        0 (I) 
           Arrival:=    2000            0     
                                              
             Setup:-     -42                  
     Required Time:=    2042                  
      Launch Clock:-       0                  
         Data Path:-     172                  
             Slack:=    1871                  

#--------------------------------------------------------------------------
# Delay Arrival Trans Fanout Load     Cell            Timing Point         
#  (ps)   (ps)   (ps)        (fF)                                          
#--------------------------------------------------------------------------
      0       0     0     52    -  (arrival)    wptr_full/wbin_reg_4_/CLK  
    172     172    38     10  1.5  SDFFARX1_RVT wptr_full/wbin_reg_4_/Q    
      0     172     -     10    -  SRAM2RW128x8 fifomem/genblk1_2__U/A1[4] 
#--------------------------------------------------------------------------

(P) : Instance is preserved



Path 194: MET (1871 ps) Setup Check with Pin fifomem/genblk1_2__U/CE1->A1[6]
          Group: wclk
     Startpoint: (R) wptr_full/wbin_reg_6_/CLK
          Clock: (R) wclk
       Endpoint: (R) fifomem/genblk1_2__U/A1[6]
          Clock: (R) wclk

                     Capture       Launch     
        Clock Edge:+    2000            0     
       Src Latency:+       0            0     
       Net Latency:+       0 (I)        0 (I) 
           Arrival:=    2000            0     
                                              
             Setup:-     -42                  
     Required Time:=    2042                  
      Launch Clock:-       0                  
         Data Path:-     172                  
             Slack:=    1871                  

#--------------------------------------------------------------------------
# Delay Arrival Trans Fanout Load     Cell            Timing Point         
#  (ps)   (ps)   (ps)        (fF)                                          
#--------------------------------------------------------------------------
      0       0     0     52    -  (arrival)    wptr_full/wbin_reg_6_/CLK  
    172     172    38     10  1.5  SDFFARX1_RVT wptr_full/wbin_reg_6_/Q    
      0     172     -     10    -  SRAM2RW128x8 fifomem/genblk1_2__U/A1[6] 
#--------------------------------------------------------------------------

(P) : Instance is preserved



Path 195: MET (1871 ps) Setup Check with Pin fifomem/genblk1_1__U/CE2->A2[2]
          Group: rclk
     Startpoint: (R) rptr_empty/rbin_reg_2_/CLK
          Clock: (R) rclk
       Endpoint: (R) fifomem/genblk1_1__U/A2[2]
          Clock: (R) rclk

                     Capture       Launch     
        Clock Edge:+    2000            0     
       Src Latency:+       0            0     
       Net Latency:+       0 (I)        0 (I) 
           Arrival:=    2000            0     
                                              
             Setup:-     -42                  
     Required Time:=    2042                  
      Launch Clock:-       0                  
         Data Path:-     172                  
             Slack:=    1871                  

#--------------------------------------------------------------------------
# Delay Arrival Trans Fanout Load     Cell            Timing Point         
#  (ps)   (ps)   (ps)        (fF)                                          
#--------------------------------------------------------------------------
      0       0     0     52    -  (arrival)    rptr_empty/rbin_reg_2_/CLK 
    172     172    38     10  1.5  SDFFARX1_RVT rptr_empty/rbin_reg_2_/Q   
      0     172     -     10    -  SRAM2RW128x8 fifomem/genblk1_1__U/A2[2] 
#--------------------------------------------------------------------------

(P) : Instance is preserved



Path 196: MET (1871 ps) Setup Check with Pin fifomem/genblk1_1__U/CE2->A2[3]
          Group: rclk
     Startpoint: (R) rptr_empty/rbin_reg_3_/CLK
          Clock: (R) rclk
       Endpoint: (R) fifomem/genblk1_1__U/A2[3]
          Clock: (R) rclk

                     Capture       Launch     
        Clock Edge:+    2000            0     
       Src Latency:+       0            0     
       Net Latency:+       0 (I)        0 (I) 
           Arrival:=    2000            0     
                                              
             Setup:-     -42                  
     Required Time:=    2042                  
      Launch Clock:-       0                  
         Data Path:-     172                  
             Slack:=    1871                  

#--------------------------------------------------------------------------
# Delay Arrival Trans Fanout Load     Cell            Timing Point         
#  (ps)   (ps)   (ps)        (fF)                                          
#--------------------------------------------------------------------------
      0       0     0     52    -  (arrival)    rptr_empty/rbin_reg_3_/CLK 
    172     172    38     10  1.5  SDFFARX1_RVT rptr_empty/rbin_reg_3_/Q   
      0     172     -     10    -  SRAM2RW128x8 fifomem/genblk1_1__U/A2[3] 
#--------------------------------------------------------------------------

(P) : Instance is preserved



Path 197: MET (1871 ps) Setup Check with Pin fifomem/genblk1_1__U/CE2->A2[4]
          Group: rclk
     Startpoint: (R) rptr_empty/rbin_reg_4_/CLK
          Clock: (R) rclk
       Endpoint: (R) fifomem/genblk1_1__U/A2[4]
          Clock: (R) rclk

                     Capture       Launch     
        Clock Edge:+    2000            0     
       Src Latency:+       0            0     
       Net Latency:+       0 (I)        0 (I) 
           Arrival:=    2000            0     
                                              
             Setup:-     -42                  
     Required Time:=    2042                  
      Launch Clock:-       0                  
         Data Path:-     172                  
             Slack:=    1871                  

#--------------------------------------------------------------------------
# Delay Arrival Trans Fanout Load     Cell            Timing Point         
#  (ps)   (ps)   (ps)        (fF)                                          
#--------------------------------------------------------------------------
      0       0     0     52    -  (arrival)    rptr_empty/rbin_reg_4_/CLK 
    172     172    38     10  1.5  SDFFARX1_RVT rptr_empty/rbin_reg_4_/Q   
      0     172     -     10    -  SRAM2RW128x8 fifomem/genblk1_1__U/A2[4] 
#--------------------------------------------------------------------------

(P) : Instance is preserved



Path 198: MET (1871 ps) Setup Check with Pin fifomem/genblk1_1__U/CE2->A2[6]
          Group: rclk
     Startpoint: (R) rptr_empty/rbin_reg_6_/CLK
          Clock: (R) rclk
       Endpoint: (R) fifomem/genblk1_1__U/A2[6]
          Clock: (R) rclk

                     Capture       Launch     
        Clock Edge:+    2000            0     
       Src Latency:+       0            0     
       Net Latency:+       0 (I)        0 (I) 
           Arrival:=    2000            0     
                                              
             Setup:-     -42                  
     Required Time:=    2042                  
      Launch Clock:-       0                  
         Data Path:-     172                  
             Slack:=    1871                  

#--------------------------------------------------------------------------
# Delay Arrival Trans Fanout Load     Cell            Timing Point         
#  (ps)   (ps)   (ps)        (fF)                                          
#--------------------------------------------------------------------------
      0       0     0     52    -  (arrival)    rptr_empty/rbin_reg_6_/CLK 
    172     172    38     10  1.5  SDFFARX1_RVT rptr_empty/rbin_reg_6_/Q   
      0     172     -     10    -  SRAM2RW128x8 fifomem/genblk1_1__U/A2[6] 
#--------------------------------------------------------------------------

(P) : Instance is preserved



Path 199: MET (1871 ps) Setup Check with Pin fifomem/genblk1_1__U/CE1->A1[2]
          Group: wclk
     Startpoint: (R) wptr_full/wbin_reg_2_/CLK
          Clock: (R) wclk
       Endpoint: (R) fifomem/genblk1_1__U/A1[2]
          Clock: (R) wclk

                     Capture       Launch     
        Clock Edge:+    2000            0     
       Src Latency:+       0            0     
       Net Latency:+       0 (I)        0 (I) 
           Arrival:=    2000            0     
                                              
             Setup:-     -42                  
     Required Time:=    2042                  
      Launch Clock:-       0                  
         Data Path:-     172                  
             Slack:=    1871                  

#--------------------------------------------------------------------------
# Delay Arrival Trans Fanout Load     Cell            Timing Point         
#  (ps)   (ps)   (ps)        (fF)                                          
#--------------------------------------------------------------------------
      0       0     0     52    -  (arrival)    wptr_full/wbin_reg_2_/CLK  
    172     172    38     10  1.5  SDFFARX1_RVT wptr_full/wbin_reg_2_/Q    
      0     172     -     10    -  SRAM2RW128x8 fifomem/genblk1_1__U/A1[2] 
#--------------------------------------------------------------------------

(P) : Instance is preserved



Path 200: MET (1871 ps) Setup Check with Pin fifomem/genblk1_1__U/CE1->A1[3]
          Group: wclk
     Startpoint: (R) wptr_full/wbin_reg_3_/CLK
          Clock: (R) wclk
       Endpoint: (R) fifomem/genblk1_1__U/A1[3]
          Clock: (R) wclk

                     Capture       Launch     
        Clock Edge:+    2000            0     
       Src Latency:+       0            0     
       Net Latency:+       0 (I)        0 (I) 
           Arrival:=    2000            0     
                                              
             Setup:-     -42                  
     Required Time:=    2042                  
      Launch Clock:-       0                  
         Data Path:-     172                  
             Slack:=    1871                  

#--------------------------------------------------------------------------
# Delay Arrival Trans Fanout Load     Cell            Timing Point         
#  (ps)   (ps)   (ps)        (fF)                                          
#--------------------------------------------------------------------------
      0       0     0     52    -  (arrival)    wptr_full/wbin_reg_3_/CLK  
    172     172    38     10  1.5  SDFFARX1_RVT wptr_full/wbin_reg_3_/Q    
      0     172     -     10    -  SRAM2RW128x8 fifomem/genblk1_1__U/A1[3] 
#--------------------------------------------------------------------------

(P) : Instance is preserved



Path 201: MET (1871 ps) Setup Check with Pin fifomem/genblk1_1__U/CE1->A1[4]
          Group: wclk
     Startpoint: (R) wptr_full/wbin_reg_4_/CLK
          Clock: (R) wclk
       Endpoint: (R) fifomem/genblk1_1__U/A1[4]
          Clock: (R) wclk

                     Capture       Launch     
        Clock Edge:+    2000            0     
       Src Latency:+       0            0     
       Net Latency:+       0 (I)        0 (I) 
           Arrival:=    2000            0     
                                              
             Setup:-     -42                  
     Required Time:=    2042                  
      Launch Clock:-       0                  
         Data Path:-     172                  
             Slack:=    1871                  

#--------------------------------------------------------------------------
# Delay Arrival Trans Fanout Load     Cell            Timing Point         
#  (ps)   (ps)   (ps)        (fF)                                          
#--------------------------------------------------------------------------
      0       0     0     52    -  (arrival)    wptr_full/wbin_reg_4_/CLK  
    172     172    38     10  1.5  SDFFARX1_RVT wptr_full/wbin_reg_4_/Q    
      0     172     -     10    -  SRAM2RW128x8 fifomem/genblk1_1__U/A1[4] 
#--------------------------------------------------------------------------

(P) : Instance is preserved



Path 202: MET (1871 ps) Setup Check with Pin fifomem/genblk1_1__U/CE1->A1[6]
          Group: wclk
     Startpoint: (R) wptr_full/wbin_reg_6_/CLK
          Clock: (R) wclk
       Endpoint: (R) fifomem/genblk1_1__U/A1[6]
          Clock: (R) wclk

                     Capture       Launch     
        Clock Edge:+    2000            0     
       Src Latency:+       0            0     
       Net Latency:+       0 (I)        0 (I) 
           Arrival:=    2000            0     
                                              
             Setup:-     -42                  
     Required Time:=    2042                  
      Launch Clock:-       0                  
         Data Path:-     172                  
             Slack:=    1871                  

#--------------------------------------------------------------------------
# Delay Arrival Trans Fanout Load     Cell            Timing Point         
#  (ps)   (ps)   (ps)        (fF)                                          
#--------------------------------------------------------------------------
      0       0     0     52    -  (arrival)    wptr_full/wbin_reg_6_/CLK  
    172     172    38     10  1.5  SDFFARX1_RVT wptr_full/wbin_reg_6_/Q    
      0     172     -     10    -  SRAM2RW128x8 fifomem/genblk1_1__U/A1[6] 
#--------------------------------------------------------------------------

(P) : Instance is preserved



Path 203: MET (1871 ps) Setup Check with Pin fifomem/genblk1_0__U/CE2->A2[2]
          Group: rclk
     Startpoint: (R) rptr_empty/rbin_reg_2_/CLK
          Clock: (R) rclk
       Endpoint: (R) fifomem/genblk1_0__U/A2[2]
          Clock: (R) rclk

                     Capture       Launch     
        Clock Edge:+    2000            0     
       Src Latency:+       0            0     
       Net Latency:+       0 (I)        0 (I) 
           Arrival:=    2000            0     
                                              
             Setup:-     -42                  
     Required Time:=    2042                  
      Launch Clock:-       0                  
         Data Path:-     172                  
             Slack:=    1871                  

#--------------------------------------------------------------------------
# Delay Arrival Trans Fanout Load     Cell            Timing Point         
#  (ps)   (ps)   (ps)        (fF)                                          
#--------------------------------------------------------------------------
      0       0     0     52    -  (arrival)    rptr_empty/rbin_reg_2_/CLK 
    172     172    38     10  1.5  SDFFARX1_RVT rptr_empty/rbin_reg_2_/Q   
      0     172     -     10    -  SRAM2RW128x8 fifomem/genblk1_0__U/A2[2] 
#--------------------------------------------------------------------------

(P) : Instance is preserved



Path 204: MET (1871 ps) Setup Check with Pin fifomem/genblk1_0__U/CE2->A2[3]
          Group: rclk
     Startpoint: (R) rptr_empty/rbin_reg_3_/CLK
          Clock: (R) rclk
       Endpoint: (R) fifomem/genblk1_0__U/A2[3]
          Clock: (R) rclk

                     Capture       Launch     
        Clock Edge:+    2000            0     
       Src Latency:+       0            0     
       Net Latency:+       0 (I)        0 (I) 
           Arrival:=    2000            0     
                                              
             Setup:-     -42                  
     Required Time:=    2042                  
      Launch Clock:-       0                  
         Data Path:-     172                  
             Slack:=    1871                  

#--------------------------------------------------------------------------
# Delay Arrival Trans Fanout Load     Cell            Timing Point         
#  (ps)   (ps)   (ps)        (fF)                                          
#--------------------------------------------------------------------------
      0       0     0     52    -  (arrival)    rptr_empty/rbin_reg_3_/CLK 
    172     172    38     10  1.5  SDFFARX1_RVT rptr_empty/rbin_reg_3_/Q   
      0     172     -     10    -  SRAM2RW128x8 fifomem/genblk1_0__U/A2[3] 
#--------------------------------------------------------------------------

(P) : Instance is preserved



Path 205: MET (1871 ps) Setup Check with Pin fifomem/genblk1_0__U/CE2->A2[4]
          Group: rclk
     Startpoint: (R) rptr_empty/rbin_reg_4_/CLK
          Clock: (R) rclk
       Endpoint: (R) fifomem/genblk1_0__U/A2[4]
          Clock: (R) rclk

                     Capture       Launch     
        Clock Edge:+    2000            0     
       Src Latency:+       0            0     
       Net Latency:+       0 (I)        0 (I) 
           Arrival:=    2000            0     
                                              
             Setup:-     -42                  
     Required Time:=    2042                  
      Launch Clock:-       0                  
         Data Path:-     172                  
             Slack:=    1871                  

#--------------------------------------------------------------------------
# Delay Arrival Trans Fanout Load     Cell            Timing Point         
#  (ps)   (ps)   (ps)        (fF)                                          
#--------------------------------------------------------------------------
      0       0     0     52    -  (arrival)    rptr_empty/rbin_reg_4_/CLK 
    172     172    38     10  1.5  SDFFARX1_RVT rptr_empty/rbin_reg_4_/Q   
      0     172     -     10    -  SRAM2RW128x8 fifomem/genblk1_0__U/A2[4] 
#--------------------------------------------------------------------------

(P) : Instance is preserved



Path 206: MET (1871 ps) Setup Check with Pin fifomem/genblk1_0__U/CE2->A2[6]
          Group: rclk
     Startpoint: (R) rptr_empty/rbin_reg_6_/CLK
          Clock: (R) rclk
       Endpoint: (R) fifomem/genblk1_0__U/A2[6]
          Clock: (R) rclk

                     Capture       Launch     
        Clock Edge:+    2000            0     
       Src Latency:+       0            0     
       Net Latency:+       0 (I)        0 (I) 
           Arrival:=    2000            0     
                                              
             Setup:-     -42                  
     Required Time:=    2042                  
      Launch Clock:-       0                  
         Data Path:-     172                  
             Slack:=    1871                  

#--------------------------------------------------------------------------
# Delay Arrival Trans Fanout Load     Cell            Timing Point         
#  (ps)   (ps)   (ps)        (fF)                                          
#--------------------------------------------------------------------------
      0       0     0     52    -  (arrival)    rptr_empty/rbin_reg_6_/CLK 
    172     172    38     10  1.5  SDFFARX1_RVT rptr_empty/rbin_reg_6_/Q   
      0     172     -     10    -  SRAM2RW128x8 fifomem/genblk1_0__U/A2[6] 
#--------------------------------------------------------------------------

(P) : Instance is preserved



Path 207: MET (1871 ps) Setup Check with Pin fifomem/genblk1_0__U/CE1->A1[2]
          Group: wclk
     Startpoint: (R) wptr_full/wbin_reg_2_/CLK
          Clock: (R) wclk
       Endpoint: (R) fifomem/genblk1_0__U/A1[2]
          Clock: (R) wclk

                     Capture       Launch     
        Clock Edge:+    2000            0     
       Src Latency:+       0            0     
       Net Latency:+       0 (I)        0 (I) 
           Arrival:=    2000            0     
                                              
             Setup:-     -42                  
     Required Time:=    2042                  
      Launch Clock:-       0                  
         Data Path:-     172                  
             Slack:=    1871                  

#--------------------------------------------------------------------------
# Delay Arrival Trans Fanout Load     Cell            Timing Point         
#  (ps)   (ps)   (ps)        (fF)                                          
#--------------------------------------------------------------------------
      0       0     0     52    -  (arrival)    wptr_full/wbin_reg_2_/CLK  
    172     172    38     10  1.5  SDFFARX1_RVT wptr_full/wbin_reg_2_/Q    
      0     172     -     10    -  SRAM2RW128x8 fifomem/genblk1_0__U/A1[2] 
#--------------------------------------------------------------------------

(P) : Instance is preserved



Path 208: MET (1871 ps) Setup Check with Pin fifomem/genblk1_0__U/CE1->A1[3]
          Group: wclk
     Startpoint: (R) wptr_full/wbin_reg_3_/CLK
          Clock: (R) wclk
       Endpoint: (R) fifomem/genblk1_0__U/A1[3]
          Clock: (R) wclk

                     Capture       Launch     
        Clock Edge:+    2000            0     
       Src Latency:+       0            0     
       Net Latency:+       0 (I)        0 (I) 
           Arrival:=    2000            0     
                                              
             Setup:-     -42                  
     Required Time:=    2042                  
      Launch Clock:-       0                  
         Data Path:-     172                  
             Slack:=    1871                  

#--------------------------------------------------------------------------
# Delay Arrival Trans Fanout Load     Cell            Timing Point         
#  (ps)   (ps)   (ps)        (fF)                                          
#--------------------------------------------------------------------------
      0       0     0     52    -  (arrival)    wptr_full/wbin_reg_3_/CLK  
    172     172    38     10  1.5  SDFFARX1_RVT wptr_full/wbin_reg_3_/Q    
      0     172     -     10    -  SRAM2RW128x8 fifomem/genblk1_0__U/A1[3] 
#--------------------------------------------------------------------------

(P) : Instance is preserved



Path 209: MET (1871 ps) Setup Check with Pin fifomem/genblk1_0__U/CE1->A1[4]
          Group: wclk
     Startpoint: (R) wptr_full/wbin_reg_4_/CLK
          Clock: (R) wclk
       Endpoint: (R) fifomem/genblk1_0__U/A1[4]
          Clock: (R) wclk

                     Capture       Launch     
        Clock Edge:+    2000            0     
       Src Latency:+       0            0     
       Net Latency:+       0 (I)        0 (I) 
           Arrival:=    2000            0     
                                              
             Setup:-     -42                  
     Required Time:=    2042                  
      Launch Clock:-       0                  
         Data Path:-     172                  
             Slack:=    1871                  

#--------------------------------------------------------------------------
# Delay Arrival Trans Fanout Load     Cell            Timing Point         
#  (ps)   (ps)   (ps)        (fF)                                          
#--------------------------------------------------------------------------
      0       0     0     52    -  (arrival)    wptr_full/wbin_reg_4_/CLK  
    172     172    38     10  1.5  SDFFARX1_RVT wptr_full/wbin_reg_4_/Q    
      0     172     -     10    -  SRAM2RW128x8 fifomem/genblk1_0__U/A1[4] 
#--------------------------------------------------------------------------

(P) : Instance is preserved



Path 210: MET (1871 ps) Setup Check with Pin fifomem/genblk1_0__U/CE1->A1[6]
          Group: wclk
     Startpoint: (R) wptr_full/wbin_reg_6_/CLK
          Clock: (R) wclk
       Endpoint: (R) fifomem/genblk1_0__U/A1[6]
          Clock: (R) wclk

                     Capture       Launch     
        Clock Edge:+    2000            0     
       Src Latency:+       0            0     
       Net Latency:+       0 (I)        0 (I) 
           Arrival:=    2000            0     
                                              
             Setup:-     -42                  
     Required Time:=    2042                  
      Launch Clock:-       0                  
         Data Path:-     172                  
             Slack:=    1871                  

#--------------------------------------------------------------------------
# Delay Arrival Trans Fanout Load     Cell            Timing Point         
#  (ps)   (ps)   (ps)        (fF)                                          
#--------------------------------------------------------------------------
      0       0     0     52    -  (arrival)    wptr_full/wbin_reg_6_/CLK  
    172     172    38     10  1.5  SDFFARX1_RVT wptr_full/wbin_reg_6_/Q    
      0     172     -     10    -  SRAM2RW128x8 fifomem/genblk1_0__U/A1[6] 
#--------------------------------------------------------------------------

(P) : Instance is preserved



Path 211: MET (1872 ps) Setup Check with Pin fifomem/genblk1_7__U/CE2->A2[5]
          Group: rclk
     Startpoint: (R) rptr_empty/rbin_reg_5_/CLK
          Clock: (R) rclk
       Endpoint: (R) fifomem/genblk1_7__U/A2[5]
          Clock: (R) rclk

                     Capture       Launch     
        Clock Edge:+    2000            0     
       Src Latency:+       0            0     
       Net Latency:+       0 (I)        0 (I) 
           Arrival:=    2000            0     
                                              
             Setup:-     -43                  
     Required Time:=    2043                  
      Launch Clock:-       0                  
         Data Path:-     171                  
             Slack:=    1872                  

#--------------------------------------------------------------------------
# Delay Arrival Trans Fanout Load     Cell            Timing Point         
#  (ps)   (ps)   (ps)        (fF)                                          
#--------------------------------------------------------------------------
      0       0     0     52    -  (arrival)    rptr_empty/rbin_reg_5_/CLK 
    171     171    37     10  1.4  SDFFARX1_RVT rptr_empty/rbin_reg_5_/Q   
      0     171     -     10    -  SRAM2RW128x8 fifomem/genblk1_7__U/A2[5] 
#--------------------------------------------------------------------------

(P) : Instance is preserved



Path 212: MET (1872 ps) Setup Check with Pin fifomem/genblk1_7__U/CE1->A1[5]
          Group: wclk
     Startpoint: (R) wptr_full/wbin_reg_5_/CLK
          Clock: (R) wclk
       Endpoint: (R) fifomem/genblk1_7__U/A1[5]
          Clock: (R) wclk

                     Capture       Launch     
        Clock Edge:+    2000            0     
       Src Latency:+       0            0     
       Net Latency:+       0 (I)        0 (I) 
           Arrival:=    2000            0     
                                              
             Setup:-     -43                  
     Required Time:=    2043                  
      Launch Clock:-       0                  
         Data Path:-     171                  
             Slack:=    1872                  

#--------------------------------------------------------------------------
# Delay Arrival Trans Fanout Load     Cell            Timing Point         
#  (ps)   (ps)   (ps)        (fF)                                          
#--------------------------------------------------------------------------
      0       0     0     52    -  (arrival)    wptr_full/wbin_reg_5_/CLK  
    171     171    37     10  1.4  SDFFARX1_RVT wptr_full/wbin_reg_5_/Q    
      0     171     -     10    -  SRAM2RW128x8 fifomem/genblk1_7__U/A1[5] 
#--------------------------------------------------------------------------

(P) : Instance is preserved



Path 213: MET (1872 ps) Setup Check with Pin fifomem/genblk1_6__U/CE2->A2[5]
          Group: rclk
     Startpoint: (R) rptr_empty/rbin_reg_5_/CLK
          Clock: (R) rclk
       Endpoint: (R) fifomem/genblk1_6__U/A2[5]
          Clock: (R) rclk

                     Capture       Launch     
        Clock Edge:+    2000            0     
       Src Latency:+       0            0     
       Net Latency:+       0 (I)        0 (I) 
           Arrival:=    2000            0     
                                              
             Setup:-     -43                  
     Required Time:=    2043                  
      Launch Clock:-       0                  
         Data Path:-     171                  
             Slack:=    1872                  

#--------------------------------------------------------------------------
# Delay Arrival Trans Fanout Load     Cell            Timing Point         
#  (ps)   (ps)   (ps)        (fF)                                          
#--------------------------------------------------------------------------
      0       0     0     52    -  (arrival)    rptr_empty/rbin_reg_5_/CLK 
    171     171    37     10  1.4  SDFFARX1_RVT rptr_empty/rbin_reg_5_/Q   
      0     171     -     10    -  SRAM2RW128x8 fifomem/genblk1_6__U/A2[5] 
#--------------------------------------------------------------------------

(P) : Instance is preserved



Path 214: MET (1872 ps) Setup Check with Pin fifomem/genblk1_6__U/CE1->A1[5]
          Group: wclk
     Startpoint: (R) wptr_full/wbin_reg_5_/CLK
          Clock: (R) wclk
       Endpoint: (R) fifomem/genblk1_6__U/A1[5]
          Clock: (R) wclk

                     Capture       Launch     
        Clock Edge:+    2000            0     
       Src Latency:+       0            0     
       Net Latency:+       0 (I)        0 (I) 
           Arrival:=    2000            0     
                                              
             Setup:-     -43                  
     Required Time:=    2043                  
      Launch Clock:-       0                  
         Data Path:-     171                  
             Slack:=    1872                  

#--------------------------------------------------------------------------
# Delay Arrival Trans Fanout Load     Cell            Timing Point         
#  (ps)   (ps)   (ps)        (fF)                                          
#--------------------------------------------------------------------------
      0       0     0     52    -  (arrival)    wptr_full/wbin_reg_5_/CLK  
    171     171    37     10  1.4  SDFFARX1_RVT wptr_full/wbin_reg_5_/Q    
      0     171     -     10    -  SRAM2RW128x8 fifomem/genblk1_6__U/A1[5] 
#--------------------------------------------------------------------------

(P) : Instance is preserved



Path 215: MET (1872 ps) Setup Check with Pin fifomem/genblk1_5__U/CE2->A2[5]
          Group: rclk
     Startpoint: (R) rptr_empty/rbin_reg_5_/CLK
          Clock: (R) rclk
       Endpoint: (R) fifomem/genblk1_5__U/A2[5]
          Clock: (R) rclk

                     Capture       Launch     
        Clock Edge:+    2000            0     
       Src Latency:+       0            0     
       Net Latency:+       0 (I)        0 (I) 
           Arrival:=    2000            0     
                                              
             Setup:-     -43                  
     Required Time:=    2043                  
      Launch Clock:-       0                  
         Data Path:-     171                  
             Slack:=    1872                  

#--------------------------------------------------------------------------
# Delay Arrival Trans Fanout Load     Cell            Timing Point         
#  (ps)   (ps)   (ps)        (fF)                                          
#--------------------------------------------------------------------------
      0       0     0     52    -  (arrival)    rptr_empty/rbin_reg_5_/CLK 
    171     171    37     10  1.4  SDFFARX1_RVT rptr_empty/rbin_reg_5_/Q   
      0     171     -     10    -  SRAM2RW128x8 fifomem/genblk1_5__U/A2[5] 
#--------------------------------------------------------------------------

(P) : Instance is preserved



Path 216: MET (1872 ps) Setup Check with Pin fifomem/genblk1_5__U/CE1->A1[5]
          Group: wclk
     Startpoint: (R) wptr_full/wbin_reg_5_/CLK
          Clock: (R) wclk
       Endpoint: (R) fifomem/genblk1_5__U/A1[5]
          Clock: (R) wclk

                     Capture       Launch     
        Clock Edge:+    2000            0     
       Src Latency:+       0            0     
       Net Latency:+       0 (I)        0 (I) 
           Arrival:=    2000            0     
                                              
             Setup:-     -43                  
     Required Time:=    2043                  
      Launch Clock:-       0                  
         Data Path:-     171                  
             Slack:=    1872                  

#--------------------------------------------------------------------------
# Delay Arrival Trans Fanout Load     Cell            Timing Point         
#  (ps)   (ps)   (ps)        (fF)                                          
#--------------------------------------------------------------------------
      0       0     0     52    -  (arrival)    wptr_full/wbin_reg_5_/CLK  
    171     171    37     10  1.4  SDFFARX1_RVT wptr_full/wbin_reg_5_/Q    
      0     171     -     10    -  SRAM2RW128x8 fifomem/genblk1_5__U/A1[5] 
#--------------------------------------------------------------------------

(P) : Instance is preserved



Path 217: MET (1872 ps) Setup Check with Pin fifomem/genblk1_4__U/CE2->A2[5]
          Group: rclk
     Startpoint: (R) rptr_empty/rbin_reg_5_/CLK
          Clock: (R) rclk
       Endpoint: (R) fifomem/genblk1_4__U/A2[5]
          Clock: (R) rclk

                     Capture       Launch     
        Clock Edge:+    2000            0     
       Src Latency:+       0            0     
       Net Latency:+       0 (I)        0 (I) 
           Arrival:=    2000            0     
                                              
             Setup:-     -43                  
     Required Time:=    2043                  
      Launch Clock:-       0                  
         Data Path:-     171                  
             Slack:=    1872                  

#--------------------------------------------------------------------------
# Delay Arrival Trans Fanout Load     Cell            Timing Point         
#  (ps)   (ps)   (ps)        (fF)                                          
#--------------------------------------------------------------------------
      0       0     0     52    -  (arrival)    rptr_empty/rbin_reg_5_/CLK 
    171     171    37     10  1.4  SDFFARX1_RVT rptr_empty/rbin_reg_5_/Q   
      0     171     -     10    -  SRAM2RW128x8 fifomem/genblk1_4__U/A2[5] 
#--------------------------------------------------------------------------

(P) : Instance is preserved



Path 218: MET (1872 ps) Setup Check with Pin fifomem/genblk1_4__U/CE1->A1[5]
          Group: wclk
     Startpoint: (R) wptr_full/wbin_reg_5_/CLK
          Clock: (R) wclk
       Endpoint: (R) fifomem/genblk1_4__U/A1[5]
          Clock: (R) wclk

                     Capture       Launch     
        Clock Edge:+    2000            0     
       Src Latency:+       0            0     
       Net Latency:+       0 (I)        0 (I) 
           Arrival:=    2000            0     
                                              
             Setup:-     -43                  
     Required Time:=    2043                  
      Launch Clock:-       0                  
         Data Path:-     171                  
             Slack:=    1872                  

#--------------------------------------------------------------------------
# Delay Arrival Trans Fanout Load     Cell            Timing Point         
#  (ps)   (ps)   (ps)        (fF)                                          
#--------------------------------------------------------------------------
      0       0     0     52    -  (arrival)    wptr_full/wbin_reg_5_/CLK  
    171     171    37     10  1.4  SDFFARX1_RVT wptr_full/wbin_reg_5_/Q    
      0     171     -     10    -  SRAM2RW128x8 fifomem/genblk1_4__U/A1[5] 
#--------------------------------------------------------------------------

(P) : Instance is preserved



Path 219: MET (1872 ps) Setup Check with Pin fifomem/genblk1_3__U/CE2->A2[5]
          Group: rclk
     Startpoint: (R) rptr_empty/rbin_reg_5_/CLK
          Clock: (R) rclk
       Endpoint: (R) fifomem/genblk1_3__U/A2[5]
          Clock: (R) rclk

                     Capture       Launch     
        Clock Edge:+    2000            0     
       Src Latency:+       0            0     
       Net Latency:+       0 (I)        0 (I) 
           Arrival:=    2000            0     
                                              
             Setup:-     -43                  
     Required Time:=    2043                  
      Launch Clock:-       0                  
         Data Path:-     171                  
             Slack:=    1872                  

#--------------------------------------------------------------------------
# Delay Arrival Trans Fanout Load     Cell            Timing Point         
#  (ps)   (ps)   (ps)        (fF)                                          
#--------------------------------------------------------------------------
      0       0     0     52    -  (arrival)    rptr_empty/rbin_reg_5_/CLK 
    171     171    37     10  1.4  SDFFARX1_RVT rptr_empty/rbin_reg_5_/Q   
      0     171     -     10    -  SRAM2RW128x8 fifomem/genblk1_3__U/A2[5] 
#--------------------------------------------------------------------------

(P) : Instance is preserved



Path 220: MET (1872 ps) Setup Check with Pin fifomem/genblk1_3__U/CE1->A1[5]
          Group: wclk
     Startpoint: (R) wptr_full/wbin_reg_5_/CLK
          Clock: (R) wclk
       Endpoint: (R) fifomem/genblk1_3__U/A1[5]
          Clock: (R) wclk

                     Capture       Launch     
        Clock Edge:+    2000            0     
       Src Latency:+       0            0     
       Net Latency:+       0 (I)        0 (I) 
           Arrival:=    2000            0     
                                              
             Setup:-     -43                  
     Required Time:=    2043                  
      Launch Clock:-       0                  
         Data Path:-     171                  
             Slack:=    1872                  

#--------------------------------------------------------------------------
# Delay Arrival Trans Fanout Load     Cell            Timing Point         
#  (ps)   (ps)   (ps)        (fF)                                          
#--------------------------------------------------------------------------
      0       0     0     52    -  (arrival)    wptr_full/wbin_reg_5_/CLK  
    171     171    37     10  1.4  SDFFARX1_RVT wptr_full/wbin_reg_5_/Q    
      0     171     -     10    -  SRAM2RW128x8 fifomem/genblk1_3__U/A1[5] 
#--------------------------------------------------------------------------

(P) : Instance is preserved



Path 221: MET (1872 ps) Setup Check with Pin fifomem/genblk1_2__U/CE2->A2[5]
          Group: rclk
     Startpoint: (R) rptr_empty/rbin_reg_5_/CLK
          Clock: (R) rclk
       Endpoint: (R) fifomem/genblk1_2__U/A2[5]
          Clock: (R) rclk

                     Capture       Launch     
        Clock Edge:+    2000            0     
       Src Latency:+       0            0     
       Net Latency:+       0 (I)        0 (I) 
           Arrival:=    2000            0     
                                              
             Setup:-     -43                  
     Required Time:=    2043                  
      Launch Clock:-       0                  
         Data Path:-     171                  
             Slack:=    1872                  

#--------------------------------------------------------------------------
# Delay Arrival Trans Fanout Load     Cell            Timing Point         
#  (ps)   (ps)   (ps)        (fF)                                          
#--------------------------------------------------------------------------
      0       0     0     52    -  (arrival)    rptr_empty/rbin_reg_5_/CLK 
    171     171    37     10  1.4  SDFFARX1_RVT rptr_empty/rbin_reg_5_/Q   
      0     171     -     10    -  SRAM2RW128x8 fifomem/genblk1_2__U/A2[5] 
#--------------------------------------------------------------------------

(P) : Instance is preserved



Path 222: MET (1872 ps) Setup Check with Pin fifomem/genblk1_2__U/CE1->A1[5]
          Group: wclk
     Startpoint: (R) wptr_full/wbin_reg_5_/CLK
          Clock: (R) wclk
       Endpoint: (R) fifomem/genblk1_2__U/A1[5]
          Clock: (R) wclk

                     Capture       Launch     
        Clock Edge:+    2000            0     
       Src Latency:+       0            0     
       Net Latency:+       0 (I)        0 (I) 
           Arrival:=    2000            0     
                                              
             Setup:-     -43                  
     Required Time:=    2043                  
      Launch Clock:-       0                  
         Data Path:-     171                  
             Slack:=    1872                  

#--------------------------------------------------------------------------
# Delay Arrival Trans Fanout Load     Cell            Timing Point         
#  (ps)   (ps)   (ps)        (fF)                                          
#--------------------------------------------------------------------------
      0       0     0     52    -  (arrival)    wptr_full/wbin_reg_5_/CLK  
    171     171    37     10  1.4  SDFFARX1_RVT wptr_full/wbin_reg_5_/Q    
      0     171     -     10    -  SRAM2RW128x8 fifomem/genblk1_2__U/A1[5] 
#--------------------------------------------------------------------------

(P) : Instance is preserved



Path 223: MET (1872 ps) Setup Check with Pin fifomem/genblk1_1__U/CE2->A2[5]
          Group: rclk
     Startpoint: (R) rptr_empty/rbin_reg_5_/CLK
          Clock: (R) rclk
       Endpoint: (R) fifomem/genblk1_1__U/A2[5]
          Clock: (R) rclk

                     Capture       Launch     
        Clock Edge:+    2000            0     
       Src Latency:+       0            0     
       Net Latency:+       0 (I)        0 (I) 
           Arrival:=    2000            0     
                                              
             Setup:-     -43                  
     Required Time:=    2043                  
      Launch Clock:-       0                  
         Data Path:-     171                  
             Slack:=    1872                  

#--------------------------------------------------------------------------
# Delay Arrival Trans Fanout Load     Cell            Timing Point         
#  (ps)   (ps)   (ps)        (fF)                                          
#--------------------------------------------------------------------------
      0       0     0     52    -  (arrival)    rptr_empty/rbin_reg_5_/CLK 
    171     171    37     10  1.4  SDFFARX1_RVT rptr_empty/rbin_reg_5_/Q   
      0     171     -     10    -  SRAM2RW128x8 fifomem/genblk1_1__U/A2[5] 
#--------------------------------------------------------------------------

(P) : Instance is preserved



Path 224: MET (1872 ps) Setup Check with Pin fifomem/genblk1_1__U/CE1->A1[5]
          Group: wclk
     Startpoint: (R) wptr_full/wbin_reg_5_/CLK
          Clock: (R) wclk
       Endpoint: (R) fifomem/genblk1_1__U/A1[5]
          Clock: (R) wclk

                     Capture       Launch     
        Clock Edge:+    2000            0     
       Src Latency:+       0            0     
       Net Latency:+       0 (I)        0 (I) 
           Arrival:=    2000            0     
                                              
             Setup:-     -43                  
     Required Time:=    2043                  
      Launch Clock:-       0                  
         Data Path:-     171                  
             Slack:=    1872                  

#--------------------------------------------------------------------------
# Delay Arrival Trans Fanout Load     Cell            Timing Point         
#  (ps)   (ps)   (ps)        (fF)                                          
#--------------------------------------------------------------------------
      0       0     0     52    -  (arrival)    wptr_full/wbin_reg_5_/CLK  
    171     171    37     10  1.4  SDFFARX1_RVT wptr_full/wbin_reg_5_/Q    
      0     171     -     10    -  SRAM2RW128x8 fifomem/genblk1_1__U/A1[5] 
#--------------------------------------------------------------------------

(P) : Instance is preserved



Path 225: MET (1872 ps) Setup Check with Pin fifomem/genblk1_0__U/CE2->A2[5]
          Group: rclk
     Startpoint: (R) rptr_empty/rbin_reg_5_/CLK
          Clock: (R) rclk
       Endpoint: (R) fifomem/genblk1_0__U/A2[5]
          Clock: (R) rclk

                     Capture       Launch     
        Clock Edge:+    2000            0     
       Src Latency:+       0            0     
       Net Latency:+       0 (I)        0 (I) 
           Arrival:=    2000            0     
                                              
             Setup:-     -43                  
     Required Time:=    2043                  
      Launch Clock:-       0                  
         Data Path:-     171                  
             Slack:=    1872                  

#--------------------------------------------------------------------------
# Delay Arrival Trans Fanout Load     Cell            Timing Point         
#  (ps)   (ps)   (ps)        (fF)                                          
#--------------------------------------------------------------------------
      0       0     0     52    -  (arrival)    rptr_empty/rbin_reg_5_/CLK 
    171     171    37     10  1.4  SDFFARX1_RVT rptr_empty/rbin_reg_5_/Q   
      0     171     -     10    -  SRAM2RW128x8 fifomem/genblk1_0__U/A2[5] 
#--------------------------------------------------------------------------

(P) : Instance is preserved



Path 226: MET (1872 ps) Setup Check with Pin fifomem/genblk1_0__U/CE1->A1[5]
          Group: wclk
     Startpoint: (R) wptr_full/wbin_reg_5_/CLK
          Clock: (R) wclk
       Endpoint: (R) fifomem/genblk1_0__U/A1[5]
          Clock: (R) wclk

                     Capture       Launch     
        Clock Edge:+    2000            0     
       Src Latency:+       0            0     
       Net Latency:+       0 (I)        0 (I) 
           Arrival:=    2000            0     
                                              
             Setup:-     -43                  
     Required Time:=    2043                  
      Launch Clock:-       0                  
         Data Path:-     171                  
             Slack:=    1872                  

#--------------------------------------------------------------------------
# Delay Arrival Trans Fanout Load     Cell            Timing Point         
#  (ps)   (ps)   (ps)        (fF)                                          
#--------------------------------------------------------------------------
      0       0     0     52    -  (arrival)    wptr_full/wbin_reg_5_/CLK  
    171     171    37     10  1.4  SDFFARX1_RVT wptr_full/wbin_reg_5_/Q    
      0     171     -     10    -  SRAM2RW128x8 fifomem/genblk1_0__U/A1[5] 
#--------------------------------------------------------------------------

(P) : Instance is preserved



Path 227: MET (1876 ps) Setup Check with Pin fifomem/genblk1_7__U/CE2->A2[0]
          Group: rclk
     Startpoint: (R) rptr_empty/rbin_reg_0_/CLK
          Clock: (R) rclk
       Endpoint: (R) fifomem/genblk1_7__U/A2[0]
          Clock: (R) rclk

                     Capture       Launch     
        Clock Edge:+    2000            0     
       Src Latency:+       0            0     
       Net Latency:+       0 (I)        0 (I) 
           Arrival:=    2000            0     
                                              
             Setup:-     -43                  
     Required Time:=    2043                  
      Launch Clock:-       0                  
         Data Path:-     168                  
             Slack:=    1876                  

#--------------------------------------------------------------------------
# Delay Arrival Trans Fanout Load     Cell            Timing Point         
#  (ps)   (ps)   (ps)        (fF)                                          
#--------------------------------------------------------------------------
      0       0     0     52    -  (arrival)    rptr_empty/rbin_reg_0_/CLK 
    168     168    34      9  1.0  SDFFARX1_RVT rptr_empty/rbin_reg_0_/Q   
      0     168     -      9    -  SRAM2RW128x8 fifomem/genblk1_7__U/A2[0] 
#--------------------------------------------------------------------------

(P) : Instance is preserved



Path 228: MET (1876 ps) Setup Check with Pin fifomem/genblk1_7__U/CE2->A2[1]
          Group: rclk
     Startpoint: (R) rptr_empty/rbin_reg_1_/CLK
          Clock: (R) rclk
       Endpoint: (R) fifomem/genblk1_7__U/A2[1]
          Clock: (R) rclk

                     Capture       Launch     
        Clock Edge:+    2000            0     
       Src Latency:+       0            0     
       Net Latency:+       0 (I)        0 (I) 
           Arrival:=    2000            0     
                                              
             Setup:-     -43                  
     Required Time:=    2043                  
      Launch Clock:-       0                  
         Data Path:-     168                  
             Slack:=    1876                  

#--------------------------------------------------------------------------
# Delay Arrival Trans Fanout Load     Cell            Timing Point         
#  (ps)   (ps)   (ps)        (fF)                                          
#--------------------------------------------------------------------------
      0       0     0     52    -  (arrival)    rptr_empty/rbin_reg_1_/CLK 
    168     168    34      9  1.0  SDFFARX1_RVT rptr_empty/rbin_reg_1_/Q   
      0     168     -      9    -  SRAM2RW128x8 fifomem/genblk1_7__U/A2[1] 
#--------------------------------------------------------------------------

(P) : Instance is preserved



Path 229: MET (1876 ps) Setup Check with Pin fifomem/genblk1_7__U/CE1->A1[0]
          Group: wclk
     Startpoint: (R) wptr_full/wbin_reg_0_/CLK
          Clock: (R) wclk
       Endpoint: (R) fifomem/genblk1_7__U/A1[0]
          Clock: (R) wclk

                     Capture       Launch     
        Clock Edge:+    2000            0     
       Src Latency:+       0            0     
       Net Latency:+       0 (I)        0 (I) 
           Arrival:=    2000            0     
                                              
             Setup:-     -43                  
     Required Time:=    2043                  
      Launch Clock:-       0                  
         Data Path:-     168                  
             Slack:=    1876                  

#--------------------------------------------------------------------------
# Delay Arrival Trans Fanout Load     Cell            Timing Point         
#  (ps)   (ps)   (ps)        (fF)                                          
#--------------------------------------------------------------------------
      0       0     0     52    -  (arrival)    wptr_full/wbin_reg_0_/CLK  
    168     168    34      9  1.0  SDFFARX1_RVT wptr_full/wbin_reg_0_/Q    
      0     168     -      9    -  SRAM2RW128x8 fifomem/genblk1_7__U/A1[0] 
#--------------------------------------------------------------------------

(P) : Instance is preserved



Path 230: MET (1876 ps) Setup Check with Pin fifomem/genblk1_7__U/CE1->A1[1]
          Group: wclk
     Startpoint: (R) wptr_full/wbin_reg_1_/CLK
          Clock: (R) wclk
       Endpoint: (R) fifomem/genblk1_7__U/A1[1]
          Clock: (R) wclk

                     Capture       Launch     
        Clock Edge:+    2000            0     
       Src Latency:+       0            0     
       Net Latency:+       0 (I)        0 (I) 
           Arrival:=    2000            0     
                                              
             Setup:-     -43                  
     Required Time:=    2043                  
      Launch Clock:-       0                  
         Data Path:-     168                  
             Slack:=    1876                  

#--------------------------------------------------------------------------
# Delay Arrival Trans Fanout Load     Cell            Timing Point         
#  (ps)   (ps)   (ps)        (fF)                                          
#--------------------------------------------------------------------------
      0       0     0     52    -  (arrival)    wptr_full/wbin_reg_1_/CLK  
    168     168    34      9  1.0  SDFFARX1_RVT wptr_full/wbin_reg_1_/Q    
      0     168     -      9    -  SRAM2RW128x8 fifomem/genblk1_7__U/A1[1] 
#--------------------------------------------------------------------------

(P) : Instance is preserved



Path 231: MET (1876 ps) Setup Check with Pin fifomem/genblk1_6__U/CE2->A2[0]
          Group: rclk
     Startpoint: (R) rptr_empty/rbin_reg_0_/CLK
          Clock: (R) rclk
       Endpoint: (R) fifomem/genblk1_6__U/A2[0]
          Clock: (R) rclk

                     Capture       Launch     
        Clock Edge:+    2000            0     
       Src Latency:+       0            0     
       Net Latency:+       0 (I)        0 (I) 
           Arrival:=    2000            0     
                                              
             Setup:-     -43                  
     Required Time:=    2043                  
      Launch Clock:-       0                  
         Data Path:-     168                  
             Slack:=    1876                  

#--------------------------------------------------------------------------
# Delay Arrival Trans Fanout Load     Cell            Timing Point         
#  (ps)   (ps)   (ps)        (fF)                                          
#--------------------------------------------------------------------------
      0       0     0     52    -  (arrival)    rptr_empty/rbin_reg_0_/CLK 
    168     168    34      9  1.0  SDFFARX1_RVT rptr_empty/rbin_reg_0_/Q   
      0     168     -      9    -  SRAM2RW128x8 fifomem/genblk1_6__U/A2[0] 
#--------------------------------------------------------------------------

(P) : Instance is preserved



Path 232: MET (1876 ps) Setup Check with Pin fifomem/genblk1_6__U/CE2->A2[1]
          Group: rclk
     Startpoint: (R) rptr_empty/rbin_reg_1_/CLK
          Clock: (R) rclk
       Endpoint: (R) fifomem/genblk1_6__U/A2[1]
          Clock: (R) rclk

                     Capture       Launch     
        Clock Edge:+    2000            0     
       Src Latency:+       0            0     
       Net Latency:+       0 (I)        0 (I) 
           Arrival:=    2000            0     
                                              
             Setup:-     -43                  
     Required Time:=    2043                  
      Launch Clock:-       0                  
         Data Path:-     168                  
             Slack:=    1876                  

#--------------------------------------------------------------------------
# Delay Arrival Trans Fanout Load     Cell            Timing Point         
#  (ps)   (ps)   (ps)        (fF)                                          
#--------------------------------------------------------------------------
      0       0     0     52    -  (arrival)    rptr_empty/rbin_reg_1_/CLK 
    168     168    34      9  1.0  SDFFARX1_RVT rptr_empty/rbin_reg_1_/Q   
      0     168     -      9    -  SRAM2RW128x8 fifomem/genblk1_6__U/A2[1] 
#--------------------------------------------------------------------------

(P) : Instance is preserved



Path 233: MET (1876 ps) Setup Check with Pin fifomem/genblk1_6__U/CE1->A1[0]
          Group: wclk
     Startpoint: (R) wptr_full/wbin_reg_0_/CLK
          Clock: (R) wclk
       Endpoint: (R) fifomem/genblk1_6__U/A1[0]
          Clock: (R) wclk

                     Capture       Launch     
        Clock Edge:+    2000            0     
       Src Latency:+       0            0     
       Net Latency:+       0 (I)        0 (I) 
           Arrival:=    2000            0     
                                              
             Setup:-     -43                  
     Required Time:=    2043                  
      Launch Clock:-       0                  
         Data Path:-     168                  
             Slack:=    1876                  

#--------------------------------------------------------------------------
# Delay Arrival Trans Fanout Load     Cell            Timing Point         
#  (ps)   (ps)   (ps)        (fF)                                          
#--------------------------------------------------------------------------
      0       0     0     52    -  (arrival)    wptr_full/wbin_reg_0_/CLK  
    168     168    34      9  1.0  SDFFARX1_RVT wptr_full/wbin_reg_0_/Q    
      0     168     -      9    -  SRAM2RW128x8 fifomem/genblk1_6__U/A1[0] 
#--------------------------------------------------------------------------

(P) : Instance is preserved



Path 234: MET (1876 ps) Setup Check with Pin fifomem/genblk1_6__U/CE1->A1[1]
          Group: wclk
     Startpoint: (R) wptr_full/wbin_reg_1_/CLK
          Clock: (R) wclk
       Endpoint: (R) fifomem/genblk1_6__U/A1[1]
          Clock: (R) wclk

                     Capture       Launch     
        Clock Edge:+    2000            0     
       Src Latency:+       0            0     
       Net Latency:+       0 (I)        0 (I) 
           Arrival:=    2000            0     
                                              
             Setup:-     -43                  
     Required Time:=    2043                  
      Launch Clock:-       0                  
         Data Path:-     168                  
             Slack:=    1876                  

#--------------------------------------------------------------------------
# Delay Arrival Trans Fanout Load     Cell            Timing Point         
#  (ps)   (ps)   (ps)        (fF)                                          
#--------------------------------------------------------------------------
      0       0     0     52    -  (arrival)    wptr_full/wbin_reg_1_/CLK  
    168     168    34      9  1.0  SDFFARX1_RVT wptr_full/wbin_reg_1_/Q    
      0     168     -      9    -  SRAM2RW128x8 fifomem/genblk1_6__U/A1[1] 
#--------------------------------------------------------------------------

(P) : Instance is preserved



Path 235: MET (1876 ps) Setup Check with Pin fifomem/genblk1_5__U/CE2->A2[0]
          Group: rclk
     Startpoint: (R) rptr_empty/rbin_reg_0_/CLK
          Clock: (R) rclk
       Endpoint: (R) fifomem/genblk1_5__U/A2[0]
          Clock: (R) rclk

                     Capture       Launch     
        Clock Edge:+    2000            0     
       Src Latency:+       0            0     
       Net Latency:+       0 (I)        0 (I) 
           Arrival:=    2000            0     
                                              
             Setup:-     -43                  
     Required Time:=    2043                  
      Launch Clock:-       0                  
         Data Path:-     168                  
             Slack:=    1876                  

#--------------------------------------------------------------------------
# Delay Arrival Trans Fanout Load     Cell            Timing Point         
#  (ps)   (ps)   (ps)        (fF)                                          
#--------------------------------------------------------------------------
      0       0     0     52    -  (arrival)    rptr_empty/rbin_reg_0_/CLK 
    168     168    34      9  1.0  SDFFARX1_RVT rptr_empty/rbin_reg_0_/Q   
      0     168     -      9    -  SRAM2RW128x8 fifomem/genblk1_5__U/A2[0] 
#--------------------------------------------------------------------------

(P) : Instance is preserved



Path 236: MET (1876 ps) Setup Check with Pin fifomem/genblk1_5__U/CE2->A2[1]
          Group: rclk
     Startpoint: (R) rptr_empty/rbin_reg_1_/CLK
          Clock: (R) rclk
       Endpoint: (R) fifomem/genblk1_5__U/A2[1]
          Clock: (R) rclk

                     Capture       Launch     
        Clock Edge:+    2000            0     
       Src Latency:+       0            0     
       Net Latency:+       0 (I)        0 (I) 
           Arrival:=    2000            0     
                                              
             Setup:-     -43                  
     Required Time:=    2043                  
      Launch Clock:-       0                  
         Data Path:-     168                  
             Slack:=    1876                  

#--------------------------------------------------------------------------
# Delay Arrival Trans Fanout Load     Cell            Timing Point         
#  (ps)   (ps)   (ps)        (fF)                                          
#--------------------------------------------------------------------------
      0       0     0     52    -  (arrival)    rptr_empty/rbin_reg_1_/CLK 
    168     168    34      9  1.0  SDFFARX1_RVT rptr_empty/rbin_reg_1_/Q   
      0     168     -      9    -  SRAM2RW128x8 fifomem/genblk1_5__U/A2[1] 
#--------------------------------------------------------------------------

(P) : Instance is preserved



Path 237: MET (1876 ps) Setup Check with Pin fifomem/genblk1_5__U/CE1->A1[0]
          Group: wclk
     Startpoint: (R) wptr_full/wbin_reg_0_/CLK
          Clock: (R) wclk
       Endpoint: (R) fifomem/genblk1_5__U/A1[0]
          Clock: (R) wclk

                     Capture       Launch     
        Clock Edge:+    2000            0     
       Src Latency:+       0            0     
       Net Latency:+       0 (I)        0 (I) 
           Arrival:=    2000            0     
                                              
             Setup:-     -43                  
     Required Time:=    2043                  
      Launch Clock:-       0                  
         Data Path:-     168                  
             Slack:=    1876                  

#--------------------------------------------------------------------------
# Delay Arrival Trans Fanout Load     Cell            Timing Point         
#  (ps)   (ps)   (ps)        (fF)                                          
#--------------------------------------------------------------------------
      0       0     0     52    -  (arrival)    wptr_full/wbin_reg_0_/CLK  
    168     168    34      9  1.0  SDFFARX1_RVT wptr_full/wbin_reg_0_/Q    
      0     168     -      9    -  SRAM2RW128x8 fifomem/genblk1_5__U/A1[0] 
#--------------------------------------------------------------------------

(P) : Instance is preserved



Path 238: MET (1876 ps) Setup Check with Pin fifomem/genblk1_5__U/CE1->A1[1]
          Group: wclk
     Startpoint: (R) wptr_full/wbin_reg_1_/CLK
          Clock: (R) wclk
       Endpoint: (R) fifomem/genblk1_5__U/A1[1]
          Clock: (R) wclk

                     Capture       Launch     
        Clock Edge:+    2000            0     
       Src Latency:+       0            0     
       Net Latency:+       0 (I)        0 (I) 
           Arrival:=    2000            0     
                                              
             Setup:-     -43                  
     Required Time:=    2043                  
      Launch Clock:-       0                  
         Data Path:-     168                  
             Slack:=    1876                  

#--------------------------------------------------------------------------
# Delay Arrival Trans Fanout Load     Cell            Timing Point         
#  (ps)   (ps)   (ps)        (fF)                                          
#--------------------------------------------------------------------------
      0       0     0     52    -  (arrival)    wptr_full/wbin_reg_1_/CLK  
    168     168    34      9  1.0  SDFFARX1_RVT wptr_full/wbin_reg_1_/Q    
      0     168     -      9    -  SRAM2RW128x8 fifomem/genblk1_5__U/A1[1] 
#--------------------------------------------------------------------------

(P) : Instance is preserved



Path 239: MET (1876 ps) Setup Check with Pin fifomem/genblk1_4__U/CE2->A2[0]
          Group: rclk
     Startpoint: (R) rptr_empty/rbin_reg_0_/CLK
          Clock: (R) rclk
       Endpoint: (R) fifomem/genblk1_4__U/A2[0]
          Clock: (R) rclk

                     Capture       Launch     
        Clock Edge:+    2000            0     
       Src Latency:+       0            0     
       Net Latency:+       0 (I)        0 (I) 
           Arrival:=    2000            0     
                                              
             Setup:-     -43                  
     Required Time:=    2043                  
      Launch Clock:-       0                  
         Data Path:-     168                  
             Slack:=    1876                  

#--------------------------------------------------------------------------
# Delay Arrival Trans Fanout Load     Cell            Timing Point         
#  (ps)   (ps)   (ps)        (fF)                                          
#--------------------------------------------------------------------------
      0       0     0     52    -  (arrival)    rptr_empty/rbin_reg_0_/CLK 
    168     168    34      9  1.0  SDFFARX1_RVT rptr_empty/rbin_reg_0_/Q   
      0     168     -      9    -  SRAM2RW128x8 fifomem/genblk1_4__U/A2[0] 
#--------------------------------------------------------------------------

(P) : Instance is preserved



Path 240: MET (1876 ps) Setup Check with Pin fifomem/genblk1_4__U/CE2->A2[1]
          Group: rclk
     Startpoint: (R) rptr_empty/rbin_reg_1_/CLK
          Clock: (R) rclk
       Endpoint: (R) fifomem/genblk1_4__U/A2[1]
          Clock: (R) rclk

                     Capture       Launch     
        Clock Edge:+    2000            0     
       Src Latency:+       0            0     
       Net Latency:+       0 (I)        0 (I) 
           Arrival:=    2000            0     
                                              
             Setup:-     -43                  
     Required Time:=    2043                  
      Launch Clock:-       0                  
         Data Path:-     168                  
             Slack:=    1876                  

#--------------------------------------------------------------------------
# Delay Arrival Trans Fanout Load     Cell            Timing Point         
#  (ps)   (ps)   (ps)        (fF)                                          
#--------------------------------------------------------------------------
      0       0     0     52    -  (arrival)    rptr_empty/rbin_reg_1_/CLK 
    168     168    34      9  1.0  SDFFARX1_RVT rptr_empty/rbin_reg_1_/Q   
      0     168     -      9    -  SRAM2RW128x8 fifomem/genblk1_4__U/A2[1] 
#--------------------------------------------------------------------------

(P) : Instance is preserved



Path 241: MET (1876 ps) Setup Check with Pin fifomem/genblk1_4__U/CE1->A1[0]
          Group: wclk
     Startpoint: (R) wptr_full/wbin_reg_0_/CLK
          Clock: (R) wclk
       Endpoint: (R) fifomem/genblk1_4__U/A1[0]
          Clock: (R) wclk

                     Capture       Launch     
        Clock Edge:+    2000            0     
       Src Latency:+       0            0     
       Net Latency:+       0 (I)        0 (I) 
           Arrival:=    2000            0     
                                              
             Setup:-     -43                  
     Required Time:=    2043                  
      Launch Clock:-       0                  
         Data Path:-     168                  
             Slack:=    1876                  

#--------------------------------------------------------------------------
# Delay Arrival Trans Fanout Load     Cell            Timing Point         
#  (ps)   (ps)   (ps)        (fF)                                          
#--------------------------------------------------------------------------
      0       0     0     52    -  (arrival)    wptr_full/wbin_reg_0_/CLK  
    168     168    34      9  1.0  SDFFARX1_RVT wptr_full/wbin_reg_0_/Q    
      0     168     -      9    -  SRAM2RW128x8 fifomem/genblk1_4__U/A1[0] 
#--------------------------------------------------------------------------

(P) : Instance is preserved



Path 242: MET (1876 ps) Setup Check with Pin fifomem/genblk1_4__U/CE1->A1[1]
          Group: wclk
     Startpoint: (R) wptr_full/wbin_reg_1_/CLK
          Clock: (R) wclk
       Endpoint: (R) fifomem/genblk1_4__U/A1[1]
          Clock: (R) wclk

                     Capture       Launch     
        Clock Edge:+    2000            0     
       Src Latency:+       0            0     
       Net Latency:+       0 (I)        0 (I) 
           Arrival:=    2000            0     
                                              
             Setup:-     -43                  
     Required Time:=    2043                  
      Launch Clock:-       0                  
         Data Path:-     168                  
             Slack:=    1876                  

#--------------------------------------------------------------------------
# Delay Arrival Trans Fanout Load     Cell            Timing Point         
#  (ps)   (ps)   (ps)        (fF)                                          
#--------------------------------------------------------------------------
      0       0     0     52    -  (arrival)    wptr_full/wbin_reg_1_/CLK  
    168     168    34      9  1.0  SDFFARX1_RVT wptr_full/wbin_reg_1_/Q    
      0     168     -      9    -  SRAM2RW128x8 fifomem/genblk1_4__U/A1[1] 
#--------------------------------------------------------------------------

(P) : Instance is preserved



Path 243: MET (1876 ps) Setup Check with Pin fifomem/genblk1_3__U/CE2->A2[0]
          Group: rclk
     Startpoint: (R) rptr_empty/rbin_reg_0_/CLK
          Clock: (R) rclk
       Endpoint: (R) fifomem/genblk1_3__U/A2[0]
          Clock: (R) rclk

                     Capture       Launch     
        Clock Edge:+    2000            0     
       Src Latency:+       0            0     
       Net Latency:+       0 (I)        0 (I) 
           Arrival:=    2000            0     
                                              
             Setup:-     -43                  
     Required Time:=    2043                  
      Launch Clock:-       0                  
         Data Path:-     168                  
             Slack:=    1876                  

#--------------------------------------------------------------------------
# Delay Arrival Trans Fanout Load     Cell            Timing Point         
#  (ps)   (ps)   (ps)        (fF)                                          
#--------------------------------------------------------------------------
      0       0     0     52    -  (arrival)    rptr_empty/rbin_reg_0_/CLK 
    168     168    34      9  1.0  SDFFARX1_RVT rptr_empty/rbin_reg_0_/Q   
      0     168     -      9    -  SRAM2RW128x8 fifomem/genblk1_3__U/A2[0] 
#--------------------------------------------------------------------------

(P) : Instance is preserved



Path 244: MET (1876 ps) Setup Check with Pin fifomem/genblk1_3__U/CE2->A2[1]
          Group: rclk
     Startpoint: (R) rptr_empty/rbin_reg_1_/CLK
          Clock: (R) rclk
       Endpoint: (R) fifomem/genblk1_3__U/A2[1]
          Clock: (R) rclk

                     Capture       Launch     
        Clock Edge:+    2000            0     
       Src Latency:+       0            0     
       Net Latency:+       0 (I)        0 (I) 
           Arrival:=    2000            0     
                                              
             Setup:-     -43                  
     Required Time:=    2043                  
      Launch Clock:-       0                  
         Data Path:-     168                  
             Slack:=    1876                  

#--------------------------------------------------------------------------
# Delay Arrival Trans Fanout Load     Cell            Timing Point         
#  (ps)   (ps)   (ps)        (fF)                                          
#--------------------------------------------------------------------------
      0       0     0     52    -  (arrival)    rptr_empty/rbin_reg_1_/CLK 
    168     168    34      9  1.0  SDFFARX1_RVT rptr_empty/rbin_reg_1_/Q   
      0     168     -      9    -  SRAM2RW128x8 fifomem/genblk1_3__U/A2[1] 
#--------------------------------------------------------------------------

(P) : Instance is preserved



Path 245: MET (1876 ps) Setup Check with Pin fifomem/genblk1_3__U/CE1->A1[0]
          Group: wclk
     Startpoint: (R) wptr_full/wbin_reg_0_/CLK
          Clock: (R) wclk
       Endpoint: (R) fifomem/genblk1_3__U/A1[0]
          Clock: (R) wclk

                     Capture       Launch     
        Clock Edge:+    2000            0     
       Src Latency:+       0            0     
       Net Latency:+       0 (I)        0 (I) 
           Arrival:=    2000            0     
                                              
             Setup:-     -43                  
     Required Time:=    2043                  
      Launch Clock:-       0                  
         Data Path:-     168                  
             Slack:=    1876                  

#--------------------------------------------------------------------------
# Delay Arrival Trans Fanout Load     Cell            Timing Point         
#  (ps)   (ps)   (ps)        (fF)                                          
#--------------------------------------------------------------------------
      0       0     0     52    -  (arrival)    wptr_full/wbin_reg_0_/CLK  
    168     168    34      9  1.0  SDFFARX1_RVT wptr_full/wbin_reg_0_/Q    
      0     168     -      9    -  SRAM2RW128x8 fifomem/genblk1_3__U/A1[0] 
#--------------------------------------------------------------------------

(P) : Instance is preserved



Path 246: MET (1876 ps) Setup Check with Pin fifomem/genblk1_3__U/CE1->A1[1]
          Group: wclk
     Startpoint: (R) wptr_full/wbin_reg_1_/CLK
          Clock: (R) wclk
       Endpoint: (R) fifomem/genblk1_3__U/A1[1]
          Clock: (R) wclk

                     Capture       Launch     
        Clock Edge:+    2000            0     
       Src Latency:+       0            0     
       Net Latency:+       0 (I)        0 (I) 
           Arrival:=    2000            0     
                                              
             Setup:-     -43                  
     Required Time:=    2043                  
      Launch Clock:-       0                  
         Data Path:-     168                  
             Slack:=    1876                  

#--------------------------------------------------------------------------
# Delay Arrival Trans Fanout Load     Cell            Timing Point         
#  (ps)   (ps)   (ps)        (fF)                                          
#--------------------------------------------------------------------------
      0       0     0     52    -  (arrival)    wptr_full/wbin_reg_1_/CLK  
    168     168    34      9  1.0  SDFFARX1_RVT wptr_full/wbin_reg_1_/Q    
      0     168     -      9    -  SRAM2RW128x8 fifomem/genblk1_3__U/A1[1] 
#--------------------------------------------------------------------------

(P) : Instance is preserved



Path 247: MET (1876 ps) Setup Check with Pin fifomem/genblk1_2__U/CE2->A2[0]
          Group: rclk
     Startpoint: (R) rptr_empty/rbin_reg_0_/CLK
          Clock: (R) rclk
       Endpoint: (R) fifomem/genblk1_2__U/A2[0]
          Clock: (R) rclk

                     Capture       Launch     
        Clock Edge:+    2000            0     
       Src Latency:+       0            0     
       Net Latency:+       0 (I)        0 (I) 
           Arrival:=    2000            0     
                                              
             Setup:-     -43                  
     Required Time:=    2043                  
      Launch Clock:-       0                  
         Data Path:-     168                  
             Slack:=    1876                  

#--------------------------------------------------------------------------
# Delay Arrival Trans Fanout Load     Cell            Timing Point         
#  (ps)   (ps)   (ps)        (fF)                                          
#--------------------------------------------------------------------------
      0       0     0     52    -  (arrival)    rptr_empty/rbin_reg_0_/CLK 
    168     168    34      9  1.0  SDFFARX1_RVT rptr_empty/rbin_reg_0_/Q   
      0     168     -      9    -  SRAM2RW128x8 fifomem/genblk1_2__U/A2[0] 
#--------------------------------------------------------------------------

(P) : Instance is preserved



Path 248: MET (1876 ps) Setup Check with Pin fifomem/genblk1_2__U/CE2->A2[1]
          Group: rclk
     Startpoint: (R) rptr_empty/rbin_reg_1_/CLK
          Clock: (R) rclk
       Endpoint: (R) fifomem/genblk1_2__U/A2[1]
          Clock: (R) rclk

                     Capture       Launch     
        Clock Edge:+    2000            0     
       Src Latency:+       0            0     
       Net Latency:+       0 (I)        0 (I) 
           Arrival:=    2000            0     
                                              
             Setup:-     -43                  
     Required Time:=    2043                  
      Launch Clock:-       0                  
         Data Path:-     168                  
             Slack:=    1876                  

#--------------------------------------------------------------------------
# Delay Arrival Trans Fanout Load     Cell            Timing Point         
#  (ps)   (ps)   (ps)        (fF)                                          
#--------------------------------------------------------------------------
      0       0     0     52    -  (arrival)    rptr_empty/rbin_reg_1_/CLK 
    168     168    34      9  1.0  SDFFARX1_RVT rptr_empty/rbin_reg_1_/Q   
      0     168     -      9    -  SRAM2RW128x8 fifomem/genblk1_2__U/A2[1] 
#--------------------------------------------------------------------------

(P) : Instance is preserved



Path 249: MET (1876 ps) Setup Check with Pin fifomem/genblk1_2__U/CE1->A1[0]
          Group: wclk
     Startpoint: (R) wptr_full/wbin_reg_0_/CLK
          Clock: (R) wclk
       Endpoint: (R) fifomem/genblk1_2__U/A1[0]
          Clock: (R) wclk

                     Capture       Launch     
        Clock Edge:+    2000            0     
       Src Latency:+       0            0     
       Net Latency:+       0 (I)        0 (I) 
           Arrival:=    2000            0     
                                              
             Setup:-     -43                  
     Required Time:=    2043                  
      Launch Clock:-       0                  
         Data Path:-     168                  
             Slack:=    1876                  

#--------------------------------------------------------------------------
# Delay Arrival Trans Fanout Load     Cell            Timing Point         
#  (ps)   (ps)   (ps)        (fF)                                          
#--------------------------------------------------------------------------
      0       0     0     52    -  (arrival)    wptr_full/wbin_reg_0_/CLK  
    168     168    34      9  1.0  SDFFARX1_RVT wptr_full/wbin_reg_0_/Q    
      0     168     -      9    -  SRAM2RW128x8 fifomem/genblk1_2__U/A1[0] 
#--------------------------------------------------------------------------

(P) : Instance is preserved



Path 250: MET (1876 ps) Setup Check with Pin fifomem/genblk1_2__U/CE1->A1[1]
          Group: wclk
     Startpoint: (R) wptr_full/wbin_reg_1_/CLK
          Clock: (R) wclk
       Endpoint: (R) fifomem/genblk1_2__U/A1[1]
          Clock: (R) wclk

                     Capture       Launch     
        Clock Edge:+    2000            0     
       Src Latency:+       0            0     
       Net Latency:+       0 (I)        0 (I) 
           Arrival:=    2000            0     
                                              
             Setup:-     -43                  
     Required Time:=    2043                  
      Launch Clock:-       0                  
         Data Path:-     168                  
             Slack:=    1876                  

#--------------------------------------------------------------------------
# Delay Arrival Trans Fanout Load     Cell            Timing Point         
#  (ps)   (ps)   (ps)        (fF)                                          
#--------------------------------------------------------------------------
      0       0     0     52    -  (arrival)    wptr_full/wbin_reg_1_/CLK  
    168     168    34      9  1.0  SDFFARX1_RVT wptr_full/wbin_reg_1_/Q    
      0     168     -      9    -  SRAM2RW128x8 fifomem/genblk1_2__U/A1[1] 
#--------------------------------------------------------------------------

(P) : Instance is preserved



Path 251: MET (1876 ps) Setup Check with Pin fifomem/genblk1_1__U/CE2->A2[0]
          Group: rclk
     Startpoint: (R) rptr_empty/rbin_reg_0_/CLK
          Clock: (R) rclk
       Endpoint: (R) fifomem/genblk1_1__U/A2[0]
          Clock: (R) rclk

                     Capture       Launch     
        Clock Edge:+    2000            0     
       Src Latency:+       0            0     
       Net Latency:+       0 (I)        0 (I) 
           Arrival:=    2000            0     
                                              
             Setup:-     -43                  
     Required Time:=    2043                  
      Launch Clock:-       0                  
         Data Path:-     168                  
             Slack:=    1876                  

#--------------------------------------------------------------------------
# Delay Arrival Trans Fanout Load     Cell            Timing Point         
#  (ps)   (ps)   (ps)        (fF)                                          
#--------------------------------------------------------------------------
      0       0     0     52    -  (arrival)    rptr_empty/rbin_reg_0_/CLK 
    168     168    34      9  1.0  SDFFARX1_RVT rptr_empty/rbin_reg_0_/Q   
      0     168     -      9    -  SRAM2RW128x8 fifomem/genblk1_1__U/A2[0] 
#--------------------------------------------------------------------------

(P) : Instance is preserved



Path 252: MET (1876 ps) Setup Check with Pin fifomem/genblk1_1__U/CE2->A2[1]
          Group: rclk
     Startpoint: (R) rptr_empty/rbin_reg_1_/CLK
          Clock: (R) rclk
       Endpoint: (R) fifomem/genblk1_1__U/A2[1]
          Clock: (R) rclk

                     Capture       Launch     
        Clock Edge:+    2000            0     
       Src Latency:+       0            0     
       Net Latency:+       0 (I)        0 (I) 
           Arrival:=    2000            0     
                                              
             Setup:-     -43                  
     Required Time:=    2043                  
      Launch Clock:-       0                  
         Data Path:-     168                  
             Slack:=    1876                  

#--------------------------------------------------------------------------
# Delay Arrival Trans Fanout Load     Cell            Timing Point         
#  (ps)   (ps)   (ps)        (fF)                                          
#--------------------------------------------------------------------------
      0       0     0     52    -  (arrival)    rptr_empty/rbin_reg_1_/CLK 
    168     168    34      9  1.0  SDFFARX1_RVT rptr_empty/rbin_reg_1_/Q   
      0     168     -      9    -  SRAM2RW128x8 fifomem/genblk1_1__U/A2[1] 
#--------------------------------------------------------------------------

(P) : Instance is preserved



Path 253: MET (1876 ps) Setup Check with Pin fifomem/genblk1_1__U/CE1->A1[0]
          Group: wclk
     Startpoint: (R) wptr_full/wbin_reg_0_/CLK
          Clock: (R) wclk
       Endpoint: (R) fifomem/genblk1_1__U/A1[0]
          Clock: (R) wclk

                     Capture       Launch     
        Clock Edge:+    2000            0     
       Src Latency:+       0            0     
       Net Latency:+       0 (I)        0 (I) 
           Arrival:=    2000            0     
                                              
             Setup:-     -43                  
     Required Time:=    2043                  
      Launch Clock:-       0                  
         Data Path:-     168                  
             Slack:=    1876                  

#--------------------------------------------------------------------------
# Delay Arrival Trans Fanout Load     Cell            Timing Point         
#  (ps)   (ps)   (ps)        (fF)                                          
#--------------------------------------------------------------------------
      0       0     0     52    -  (arrival)    wptr_full/wbin_reg_0_/CLK  
    168     168    34      9  1.0  SDFFARX1_RVT wptr_full/wbin_reg_0_/Q    
      0     168     -      9    -  SRAM2RW128x8 fifomem/genblk1_1__U/A1[0] 
#--------------------------------------------------------------------------

(P) : Instance is preserved



Path 254: MET (1876 ps) Setup Check with Pin fifomem/genblk1_1__U/CE1->A1[1]
          Group: wclk
     Startpoint: (R) wptr_full/wbin_reg_1_/CLK
          Clock: (R) wclk
       Endpoint: (R) fifomem/genblk1_1__U/A1[1]
          Clock: (R) wclk

                     Capture       Launch     
        Clock Edge:+    2000            0     
       Src Latency:+       0            0     
       Net Latency:+       0 (I)        0 (I) 
           Arrival:=    2000            0     
                                              
             Setup:-     -43                  
     Required Time:=    2043                  
      Launch Clock:-       0                  
         Data Path:-     168                  
             Slack:=    1876                  

#--------------------------------------------------------------------------
# Delay Arrival Trans Fanout Load     Cell            Timing Point         
#  (ps)   (ps)   (ps)        (fF)                                          
#--------------------------------------------------------------------------
      0       0     0     52    -  (arrival)    wptr_full/wbin_reg_1_/CLK  
    168     168    34      9  1.0  SDFFARX1_RVT wptr_full/wbin_reg_1_/Q    
      0     168     -      9    -  SRAM2RW128x8 fifomem/genblk1_1__U/A1[1] 
#--------------------------------------------------------------------------

(P) : Instance is preserved



Path 255: MET (1876 ps) Setup Check with Pin fifomem/genblk1_0__U/CE2->A2[0]
          Group: rclk
     Startpoint: (R) rptr_empty/rbin_reg_0_/CLK
          Clock: (R) rclk
       Endpoint: (R) fifomem/genblk1_0__U/A2[0]
          Clock: (R) rclk

                     Capture       Launch     
        Clock Edge:+    2000            0     
       Src Latency:+       0            0     
       Net Latency:+       0 (I)        0 (I) 
           Arrival:=    2000            0     
                                              
             Setup:-     -43                  
     Required Time:=    2043                  
      Launch Clock:-       0                  
         Data Path:-     168                  
             Slack:=    1876                  

#--------------------------------------------------------------------------
# Delay Arrival Trans Fanout Load     Cell            Timing Point         
#  (ps)   (ps)   (ps)        (fF)                                          
#--------------------------------------------------------------------------
      0       0     0     52    -  (arrival)    rptr_empty/rbin_reg_0_/CLK 
    168     168    34      9  1.0  SDFFARX1_RVT rptr_empty/rbin_reg_0_/Q   
      0     168     -      9    -  SRAM2RW128x8 fifomem/genblk1_0__U/A2[0] 
#--------------------------------------------------------------------------

(P) : Instance is preserved



Path 256: MET (1876 ps) Setup Check with Pin fifomem/genblk1_0__U/CE2->A2[1]
          Group: rclk
     Startpoint: (R) rptr_empty/rbin_reg_1_/CLK
          Clock: (R) rclk
       Endpoint: (R) fifomem/genblk1_0__U/A2[1]
          Clock: (R) rclk

                     Capture       Launch     
        Clock Edge:+    2000            0     
       Src Latency:+       0            0     
       Net Latency:+       0 (I)        0 (I) 
           Arrival:=    2000            0     
                                              
             Setup:-     -43                  
     Required Time:=    2043                  
      Launch Clock:-       0                  
         Data Path:-     168                  
             Slack:=    1876                  

#--------------------------------------------------------------------------
# Delay Arrival Trans Fanout Load     Cell            Timing Point         
#  (ps)   (ps)   (ps)        (fF)                                          
#--------------------------------------------------------------------------
      0       0     0     52    -  (arrival)    rptr_empty/rbin_reg_1_/CLK 
    168     168    34      9  1.0  SDFFARX1_RVT rptr_empty/rbin_reg_1_/Q   
      0     168     -      9    -  SRAM2RW128x8 fifomem/genblk1_0__U/A2[1] 
#--------------------------------------------------------------------------

(P) : Instance is preserved



Path 257: MET (1876 ps) Setup Check with Pin fifomem/genblk1_0__U/CE1->A1[0]
          Group: wclk
     Startpoint: (R) wptr_full/wbin_reg_0_/CLK
          Clock: (R) wclk
       Endpoint: (R) fifomem/genblk1_0__U/A1[0]
          Clock: (R) wclk

                     Capture       Launch     
        Clock Edge:+    2000            0     
       Src Latency:+       0            0     
       Net Latency:+       0 (I)        0 (I) 
           Arrival:=    2000            0     
                                              
             Setup:-     -43                  
     Required Time:=    2043                  
      Launch Clock:-       0                  
         Data Path:-     168                  
             Slack:=    1876                  

#--------------------------------------------------------------------------
# Delay Arrival Trans Fanout Load     Cell            Timing Point         
#  (ps)   (ps)   (ps)        (fF)                                          
#--------------------------------------------------------------------------
      0       0     0     52    -  (arrival)    wptr_full/wbin_reg_0_/CLK  
    168     168    34      9  1.0  SDFFARX1_RVT wptr_full/wbin_reg_0_/Q    
      0     168     -      9    -  SRAM2RW128x8 fifomem/genblk1_0__U/A1[0] 
#--------------------------------------------------------------------------

(P) : Instance is preserved



Path 258: MET (1876 ps) Setup Check with Pin fifomem/genblk1_0__U/CE1->A1[1]
          Group: wclk
     Startpoint: (R) wptr_full/wbin_reg_1_/CLK
          Clock: (R) wclk
       Endpoint: (R) fifomem/genblk1_0__U/A1[1]
          Clock: (R) wclk

                     Capture       Launch     
        Clock Edge:+    2000            0     
       Src Latency:+       0            0     
       Net Latency:+       0 (I)        0 (I) 
           Arrival:=    2000            0     
                                              
             Setup:-     -43                  
     Required Time:=    2043                  
      Launch Clock:-       0                  
         Data Path:-     168                  
             Slack:=    1876                  

#--------------------------------------------------------------------------
# Delay Arrival Trans Fanout Load     Cell            Timing Point         
#  (ps)   (ps)   (ps)        (fF)                                          
#--------------------------------------------------------------------------
      0       0     0     52    -  (arrival)    wptr_full/wbin_reg_1_/CLK  
    168     168    34      9  1.0  SDFFARX1_RVT wptr_full/wbin_reg_1_/Q    
      0     168     -      9    -  SRAM2RW128x8 fifomem/genblk1_0__U/A1[1] 
#--------------------------------------------------------------------------

(P) : Instance is preserved

Some unconstrained paths have not been displayed.
Use -unconstrained or set the root attribute 'timing_report_unconstrained' to 'true' to see only these unconstrained paths.

